Species,Species_Abbreviation,TaxonomicGroup,PrevalenceChange,NRB_T1,NRB_T2,NRBShift_Raw,NRBShift,PhenologyShift,Pvalue_Phenology,SE_PhenologyShift,PopulationTrend,P_PopulatioTrend,NRB_Shift_Scaled,Phenology_Shift_Scaled,PopulationTrend_Scaled,PhenologyCategory,NRB_Category,PopualtionTrend_Category,response,hypo,HostUse,Voltinism,OverwinteringStage,BodySize,HU,volti,univolt_dummy,specialist_dummy,generalist_dummy,lf_dummy,adult_dummy,larva_dummy,pupa_dummy,North_dummy,South_dummy,Advance_dummy,Delay_dummy,NorthAdvance_dummy,SouthAdvance_dummy,NorthDelay_dummy,Hypo1_dummy,Hypo2_dummy
Hepialus fusconebulosus,Pha.fusc,Moth,-50,739.1,743,39,32.41472785,0.144478397,1.04E-05,0.03267709,-0.007,0.191,0.226792745,0.477751279,-0.138873988,DEL,EXP,STAB,DELEXP,one,polyphagous,0,larva,44.5,generalist,semi and uni,1,0,1,0,0,1,0,1,0,0,1,0,0,1,1,0
Parnassius mnemosyne,Par.mnem,Butterfly,21,671.5,677.4,59,43.33038178,0.075624915,0.310181191,0.074466534,0,NA,0.303165162,0.250071295,0,STAB,EXP,NA,DELEXP,one,monophagous,1,egg,59.3,specialist,semi and uni,1,1,0,0,0,0,0,1,0,0,0,0,0,1,1,0
Carterocephalus silvicola,Car.silv,Butterfly,-294,736,728.7,-73,-48.36582929,0.019045122,0.68111175,0.046337222,-0.022225799,0.057277858,-0.338396153,0.062977106,-0.440940762,STAB,CONTR,STAB,DELCONTR,zero,polyphagous,1,larva,25.1,generalist,semi and uni,1,0,1,0,0,1,0,0,1,0,0,0,0,0,0,0
Thymelicus lineola,Thy.line,Butterfly,-46,721.1,725,39,31.90293371,0.218339398,8.85E-33,0.018271663,0.014934261,0.126153334,0.223211928,0.721989783,0.296282911,DEL,EXP,STAB,DELEXP,one,polyphagous,1,egg,25.5,generalist,semi and uni,1,0,1,0,0,0,0,1,0,0,1,0,0,1,1,0
Ochlodes sylvanus,Och.sylv,Butterfly,-29,722.2,730.6,84,74.72780859,0.165037793,3.82E-11,0.024934963,-0.012256734,0.19695875,0.522840263,0.545735683,-0.243163075,DEL,EXP,STAB,DELEXP,one,polyphagous,2,larva,29.9,generalist,multi,0,0,1,0,0,1,0,1,0,0,1,0,0,1,1,0
Anthocharis cardamines,Ant.card,Butterfly,-352,761.9,740.8,-211,-178.9448142,0.053845345,0.303419223,0.052315013,0.005540378,0.324311148,-1.252004515,0.178052104,0.109916341,STAB,CONTR,STAB,DELCONTR,zero,oligophagous,1,pupa,39.5,specialist,semi and uni,1,1,0,0,0,0,1,0,1,0,0,0,0,0,0,0
Aporia crataegi,Apo.crat,Butterfly,86,715.5,708.9,-66,-89.98627308,-0.123513387,0.011740606,0.048961136,0.001126817,0.905914311,-0.62959757,-0.408425617,0.022355081,ADV,CONTR,STAB,ADVCONTR,one,oligophagous,1,larva,62.7,specialist,semi and uni,1,1,0,0,0,1,0,0,1,1,0,0,1,0,1,0
Pieris brassicae,Pie.bras,Butterfly,-208,719.3,709.2,-101,-87.36940341,0.667732292,0.000232441,0.180782224,-0.040131175,0.002951428,-0.611288391,2.208011459,-0.796168043,DEL,CONTR,NEG,DELCONTR,zero,polyphagous,3,pupa,56.7,generalist,multi,0,0,1,0,0,0,1,0,1,0,1,0,0,0,0,0
Pieris rapae,Pie.rapa,Butterfly,-215,730.8,717.8,-130,-115.4737637,0.624300213,0.000142048,0.163119774,-0.051392144,0.005596329,-0.807923237,2.064393231,-1.019575996,DEL,CONTR,NEG,DELCONTR,zero,polyphagous,3,pupa,42.2,generalist,multi,0,0,1,0,0,0,1,0,1,0,1,0,0,0,0,0
Pieris napi,Pie.napi,Butterfly,1567,775.3,769.5,-58,-271.4780554,-0.172463289,2.33E-05,0.040757152,-0.014593815,0.079900325,-1.899422191,-0.570289803,-0.289528755,ADV,CONTR,STAB,ADVCONTR,one,polyphagous,3,pupa,40.2,generalist,multi,0,0,1,0,0,0,1,0,1,1,0,0,1,0,1,0
Gonepteryx rhamni,Gon.rham,Butterfly,973,714.8,719.4,46,-91.47662479,0.270368824,3.06E-05,0.064830759,-0.002115731,0.695794004,-0.640024958,0.89403713,-0.041974286,DEL,CONTR,STAB,DELCONTR,zero,oligophagous,1,adult,49.8,specialist,semi and uni,1,1,0,0,1,0,0,0,1,0,1,0,0,0,0,0
Colias palaeno,Col.pala,Butterfly,-374,776.6,771.1,-55,-20.12994638,0.518917751,9.51E-05,0.131638914,-0.011730095,0.459387208,-0.140841096,1.715921714,-0.23271501,DEL,CONTR,STAB,DELCONTR,zero,monophagous,1,larva,47.8,specialist,semi and uni,1,1,0,0,0,1,0,0,1,0,1,0,0,0,0,0
Callophrys rubi,Cal.rubi,Butterfly,-415,749.1,762,129,169.1159436,0.176435698,1.57E-06,0.036706211,-0.006930722,0.400189728,1.183235881,0.583425493,-0.137499572,DEL,EXP,STAB,DELEXP,one,polyphagous,2,pupa,23.9,generalist,multi,0,0,1,0,0,0,1,1,0,0,1,0,0,1,1,0
Lycaena phlaeas,Lyc.phla,Butterfly,279,773.9,735.8,-381,-429.6803406,0.43314572,0.005362273,0.154959806,0.002574144,0.813855595,-3.006299617,1.432296632,0.051068806,DEL,CONTR,STAB,DELCONTR,zero,oligophagous,3,larva,27.7,specialist,multi,0,1,0,0,0,1,0,0,1,0,1,0,0,0,0,0
Lycaena virgaureae,Lyc.virg,Butterfly,-415,724.7,740.8,161,201.1159436,0.090278947,0.003615425,0.031004704,-0.042114827,2.72E-05,1.407126943,0.298528245,-0.835521995,DEL,EXP,NEG,DELEXP,one,oligophagous,1,egg,25.9,specialist,semi and uni,1,1,0,0,0,0,0,1,0,0,1,0,0,1,1,0
Lycaena hippothoe,Lyc.hipp,Butterfly,-238,743.7,734.1,-96,-78.53094732,-0.014831656,0.808421109,0.061160811,0.026427328,0.006569807,-0.549449287,-0.049044304,0.524295489,STAB,CONTR,POS,DELCONTR,zero,oligophagous,1,larva,31.3,specialist,semi and uni,1,1,0,0,0,1,0,0,1,0,0,0,0,0,0,0
Celastrina argiolus,Cel.argi,Butterfly,-211,726.2,748.6,224,238.0144422,-0.134201728,0.071576254,0.074427172,0.009074238,0.402707046,1.665290819,-0.443769092,0.180025088,STAB,EXP,STAB,DELEXP,one,oligophagous,2,pupa,26.3,specialist,multi,0,1,0,0,0,0,1,1,0,0,0,0,0,1,1,0
Plebeius argus,Ple.argu,Butterfly,-119,734.4,733.1,-13,-10.75682314,0.309112767,3.60E-07,0.060550278,-0.004154732,0.702489541,-0.075261142,1.022152948,-0.082426314,DEL,STAB,STAB,DELCONTR,zero,polyphagous,1,egg,23,generalist,semi and uni,1,0,1,0,0,0,0,0,0,0,1,0,0,0,0,0
Plebeius idas,Ple.idas,Butterfly,-136,771.1,769.7,-14,-9.581698025,0.280073591,0.000149219,0.073673439,0.018267006,0.077065629,-0.067039267,0.92612819,0.362401709,DEL,STAB,STAB,DELCONTR,zero,polyphagous,1,egg,24.6,generalist,semi and uni,1,0,1,0,0,0,0,0,0,0,1,0,0,0,0,0
Plebeius artaxerxes,Ari.arta,Butterfly,-250,740.4,725.2,-152,-132.9955649,-0.203291993,0.005136331,0.072536397,-0.020068563,0.006976233,-0.930516196,-0.672232054,-0.398143053,ADV,CONTR,NEG,ADVCONTR,one,oligophagous,1,larva,28.1,specialist,semi and uni,1,1,0,0,0,1,0,0,1,1,0,0,1,0,1,0
Plebeius eumedon,Eum.eume,Butterfly,-436,746.8,740.6,-62,-19.19713713,-0.251869769,0.008937745,0.096134724,-0.04362538,0.011422257,-0.134314607,-0.832865719,-0.865490069,ADV,STAB,NEG,ADVCONTR,one,oligophagous,1,larva,28.1,specialist,semi and uni,1,1,0,0,0,1,0,0,0,1,0,0,1,0,1,0
Plebeius semiargus,Cya.semi,Butterfly,-312,738.3,740.2,19,45.93724437,-0.09910749,0.007550145,0.037071947,-0.002342968,0.859982354,0.321404326,-0.327721868,-0.046482473,ADV,EXP,STAB,ADVEXP,two,polyphagous,1,larva,28.8,generalist,semi and uni,1,0,1,0,0,1,0,1,0,1,0,1,0,0,0,1
Plebeius optilete,Vac.opti,Butterfly,-367,775.4,771.4,-40,-6.025586138,0.230141843,0.006013504,0.083596682,-0.019650025,0.247612315,-0.04215859,0.761017302,-0.389839619,DEL,STAB,STAB,DELCONTR,zero,monophagous,1,larva,25.9,specialist,semi and uni,1,1,0,0,0,1,0,0,0,0,1,0,0,0,0,0
Plebeius amandus,Pol.aman,Butterfly,-310,727.6,737.4,98,124.6813473,0.083000539,0.001044252,0.025297964,-0.009915023,0.216629563,0.872344977,0.274460502,-0.19670554,DEL,EXP,STAB,DELEXP,one,polyphagous,1,larva,31.4,generalist,semi and uni,1,0,1,0,0,1,0,1,0,0,1,0,0,1,1,0
Plebeius icarus,Pol.icar,Butterfly,-204,747.2,769,218,231.1188024,0.661100781,1.28E-12,0.092763955,-0.016314033,0.215782544,1.617044816,2.18608283,-0.323656403,DEL,EXP,STAB,DELEXP,one,polyphagous,2,larva,28.5,generalist,multi,0,0,1,0,0,1,0,1,0,0,1,0,0,1,1,0
Pararge maera,Las.maer,Butterfly,-456,708.3,718.1,98,143.3618336,0.14248866,1.73E-05,0.03306951,-0.022871457,0.016357155,1.003044786,0.471171751,-0.453750063,DEL,EXP,NEG,DELEXP,one,polyphagous,1,larva,46.5,generalist,semi and uni,1,0,1,0,0,1,0,1,0,0,1,0,0,1,1,0
Pararge petropolitana,Las.petr,Butterfly,-461,740.3,733.8,-65,-18.99842373,0.167101362,0.150899685,0.116210199,-0.068462653,1.92E-07,-0.132924289,0.552559351,-1.358240233,STAB,STAB,NEG,DELCONTR,zero,polyphagous,1,larva,37.5,generalist,semi and uni,1,0,1,0,0,1,0,0,0,0,0,0,0,0,0,0
Coenonympha pamphilus,Coe.pamp,Butterfly,-501,742.8,732.8,-100,-48.88048227,0.296240847,0.022350861,0.129128731,-0.062406214,1.84E-06,-0.341996971,0.979588963,-1.238085685,DEL,CONTR,NEG,DELCONTR,zero,polyphagous,2,larva,28.5,generalist,multi,0,0,1,0,0,1,0,0,1,0,1,0,0,0,0,0
Coenonympha glycerion,Coe.glyc,Butterfly,-115,704.4,696,-84,-82.26861729,0.284888915,2.23E-19,0.031489063,-0.021006217,0.027154055,-0.575600253,0.942051174,-0.416745303,DEL,CONTR,NEG,DELCONTR,zero,polyphagous,1,larva,30.2,generalist,semi and uni,1,0,1,0,0,1,0,0,1,0,1,0,0,0,0,0
Aphantopus hyperantus,Aph.hype,Butterfly,724,721,726.1,51,-54.61743925,0.119154562,8.27E-27,0.011102622,-0.004379767,0.363387764,-0.38213614,0.394012152,-0.086890815,DEL,CONTR,STAB,DELCONTR,zero,polyphagous,1,larva,38.9,generalist,semi and uni,1,0,1,0,0,1,0,0,1,0,1,0,0,0,0,0
Erebia ligea,Ere.lige,Butterfly,-111,752.8,752.7,-1,0.219588568,0.288466762,3.34E-27,0.02658964,-0.009721181,0.654777942,0.001536372,0.953882152,-0.192859881,DEL,STAB,STAB,DELCONTR,zero,polyphagous,0,larva,41.4,generalist,semi and uni,1,0,1,0,0,1,0,0,0,0,1,0,0,0,0,0
Euphydryas maturna,Eup.matu,Butterfly,-155,698.8,696.9,-19,-12.15067583,0.825896307,9.73E-07,0.166768371,0.017856087,0.213855835,-0.085013366,2.731017402,0.354249429,DEL,STAB,STAB,DELCONTR,zero,oligophagous,1,larva,41.8,specialist,semi and uni,1,1,0,0,0,1,0,0,0,0,1,0,0,0,0,0
Melitaea athalia,Mel.atha,Butterfly,-192,771.5,722.1,-494,-482.41658,0.423248139,2.65E-10,0.066706164,0.026459751,0.011319236,-3.375273762,1.399567989,0.524938733,DEL,CONTR,POS,DELCONTR,zero,oligophagous,1,larva,35.3,specialist,semi and uni,1,1,0,0,0,1,0,0,1,0,1,0,0,0,0,0
Araschnia levana,Ara.leva,Butterfly,1066,695,728,330,180.6241613,-0.161888652,0.436700414,0.208112989,0.122353665,6.90E-07,1.263754228,-0.535322317,2.427391624,STAB,EXP,POS,DELEXP,one,monophagous,3,pupa,35.1,specialist,multi,0,1,0,0,0,0,1,1,0,0,0,0,0,1,1,0
Vanessa atalanta,Van.atal,Butterfly,1617,730.5,729.5,-10,-229.8754822,-0.00762991,0.952049846,0.126858247,0.004980376,0.711078771,-1.608345807,-0.025230066,0.098806382,STAB,CONTR,STAB,DELCONTR,zero,monophagous,3,adult,59.2,specialist,multi,0,1,0,0,1,0,0,0,1,0,0,0,0,0,0,0
Vanessa cardui,Van.card,Butterfly,-99,768.3,765.2,-31,-31.31579387,-0.734675365,9.52E-05,0.187831335,-0.009854402,0.775554639,-0.219103948,-2.42937423,-0.195502872,ADV,CONTR,STAB,ADVCONTR,one,oligophagous,2,adult,53.5,specialist,multi,0,1,0,0,1,0,0,0,1,1,0,0,1,0,1,0
Nymphalis io,Ina.io,Butterfly,1791,705.9,726.1,202,-40.13852748,-0.981748283,6.09E-42,0.072066812,0.004135604,0.770567078,-0.280833048,-3.246378051,0.082046831,ADV,CONTR,STAB,ADVCONTR,one,monophagous,1,adult,54,specialist,semi and uni,1,1,0,0,1,0,0,0,1,1,0,0,1,0,1,0
Nymphalis urticae,Agl.urti,Butterfly,-739,755.5,769.9,144,225.5712694,-1.008134347,6.13E-47,0.069866915,-0.027183601,0.137092486,1.57823097,-3.333629681,-0.539299296,ADV,EXP,STAB,ADVEXP,two,monophagous,2,adult,47.3,specialist,multi,0,1,0,0,1,0,0,1,0,1,0,1,0,0,0,1
Nymphalis c-album,Pol.c-alb,Butterfly,826,712.8,739.1,263,144.3318101,-0.930318934,1.50E-13,0.125579576,0.001392238,0.846398888,1.00983132,-3.076314998,0.027620806,ADV,EXP,STAB,ADVEXP,two,polyphagous,1,adult,45.8,generalist,semi and uni,1,0,1,0,1,0,0,1,0,1,0,1,0,0,0,1
Nymphalis antiopa,Nym.anti,Butterfly,455,729.3,743,137,65.80071702,-0.985663146,1.33E-06,0.203020605,-0.012927116,0.187233281,0.460381013,-3.259323454,-0.256462878,ADV,EXP,STAB,ADVEXP,two,polyphagous,1,adult,66.5,generalist,semi and uni,1,0,1,0,1,0,0,1,0,1,0,1,0,0,0,1
Brenthis ino,Bre.ino,Butterfly,-255,735.7,732.7,-30,-10.3558222,0.060603651,0.006836624,0.022402191,0.00547549,0.548601529,-0.072455501,0.200400005,0.108629019,DEL,STAB,STAB,DELCONTR,zero,polyphagous,1,larva,37.7,generalist,semi and uni,1,0,1,0,0,1,0,0,0,0,1,0,0,0,0,0
Argynnis paphia,Arg.paph,Butterfly,539,690.3,723.8,335,253.05304,0.62650136,3.32E-13,0.085349261,0.076194218,1.68E-07,1.770509808,2.071671831,1.511627842,DEL,EXP,POS,DELEXP,one,oligophagous,1,larva,61.8,specialist,semi and uni,1,1,0,0,0,1,0,1,0,0,1,0,0,1,1,0
Argynnis aglaja,Arg.agla,Butterfly,-322,736.3,735.6,-7,21.21672973,0.269733769,1.03E-12,0.037735854,-0.001260285,0.860780037,0.14844488,0.891937172,-0.025002972,DEL,EXP,STAB,DELEXP,one,oligophagous,1,larva,53.1,specialist,semi and uni,1,1,0,0,0,1,0,1,0,0,1,0,0,1,1,0
Argynnis adippe,Arg.adip,Butterfly,-525,700.4,701.9,15,69.1902826,0.120732024,0.003177687,0.040887547,-0.014761031,0.13454441,0.484096433,0.399228396,-0.292846177,DEL,EXP,STAB,DELEXP,one,oligophagous,1,larva,53.6,specialist,semi and uni,1,1,0,0,0,1,0,1,0,0,1,0,0,1,1,0
Boloria selene,Bol.sele,Butterfly,-372,776.1,769.7,-64,-29.38584346,-0.040627147,0.231428652,0.033947271,-0.000286177,0.977846383,-0.205600866,-0.134343071,-0.005677506,STAB,CONTR,STAB,DELCONTR,zero,oligophagous,2,larva,36.6,specialist,multi,0,1,0,0,0,1,0,0,1,0,0,0,0,0,0,0
Boloria euphrosyne,Bol.euph,Butterfly,-710,774.1,767.6,-65,12.86076181,0.20159407,8.15E-05,0.051097299,-0.007934049,0.28694574,0.089981551,0.666617477,-0.157404718,DEL,STAB,STAB,DELCONTR,zero,oligophagous,1,larva,37.3,specialist,semi and uni,1,1,0,0,0,1,0,0,0,0,1,0,0,0,0,0
Falcaria lacertinaria,Fal.lace,Moth,-10,751.5,734.8,-167,-178.7032136,0.3737147,6.28E-05,0.093021156,-0.023,0,-1.250314133,1.235774201,-0.456300245,DEL,CONTR,NEG,DELCONTR,zero,polyphagous,3,pupa,32.9,generalist,multi,0,0,1,0,0,0,1,0,1,0,1,0,0,0,0,0
Drepana falcataria,Dre.falc,Moth,151,737.9,716.2,-217,-249.3029279,0.153254301,0.137920539,0.10323606,-0.002,0.777,-1.74427179,0.506770838,-0.039678282,STAB,CONTR,STAB,DELCONTR,zero,polyphagous,3,pupa,36.4,generalist,multi,0,0,1,0,0,0,1,0,1,0,0,0,0,0,0,0
Tetheella fluctuosa,Tet.fluc,Moth,267,686.2,698.5,123,75.85504184,0.266482297,0.025752892,0.118735955,-0.02,0.057,0.530727059,0.881185428,-0.396782822,DEL,EXP,STAB,DELEXP,one,oligophagous,1,pupa,39.7,specialist,semi and uni,1,1,0,0,0,0,1,1,0,0,1,0,0,1,1,0
Ochropacha duplaris,Och.dupl,Moth,367,738.5,756.3,178,118.0601882,0.101675219,0.087825652,0.059529113,-0.057,0,0.826019404,0.336212656,-1.130831043,STAB,EXP,NEG,DELEXP,one,polyphagous,2,pupa,33.3,generalist,multi,0,0,1,0,0,0,1,1,0,0,0,0,0,1,1,0
Achlya flavicornis,Ach.flav,Moth,-11,744,709.4,-346,-357.5752651,-0.134990421,3.27E-06,0.028881095,-0.01,0.089,-2.501809557,-0.446377089,-0.198391411,ADV,CONTR,STAB,ADVCONTR,one,polyphagous,1,pupa,42.4,generalist,semi and uni,1,0,1,0,0,0,1,0,1,1,0,0,1,0,1,0
Tethea or,Tet.or,Moth,570,737.3,714,-233,-318.9133647,-0.220342302,0.031826699,0.10234415,-0.025,0.001,-2.231307871,-0.728612849,-0.495978527,ADV,CONTR,NEG,ADVCONTR,one,polyphagous,2,pupa,39.6,generalist,multi,0,0,1,0,0,0,1,0,1,1,0,0,1,0,1,0
Smerinthus ocellatus,Sme.ocel,Moth,-3,696.1,697.7,16,3.401146647,-0.064802022,0.454947175,0.086623888,0.02,0.003,0.023796448,-0.214282894,0.396782822,STAB,STAB,POS,DELCONTR,zero,polyphagous,1,pupa,83.5,generalist,semi and uni,1,0,1,0,0,0,1,0,0,0,0,0,0,0,0,0
Laothoe populi,Lao.popu,Moth,-181,731.7,710.8,-209,-198.8240139,0.181789793,7.80E-06,0.040511768,-0.05,0,-1.391091238,0.60113005,-0.991957055,DEL,CONTR,NEG,DELCONTR,zero,polyphagous,1,pupa,82.2,generalist,semi and uni,1,0,1,0,0,0,1,0,1,0,1,0,0,0,0,0
Sphinx pinastri,Sph.pina,Moth,-62,714.5,709.9,-46,-51.04988971,0.463302966,4.84E-06,0.100062958,0,0.992,-0.357175438,1.53201855,0,DEL,CONTR,STAB,DELCONTR,zero,oligophagous,1,pupa,82.8,specialist,semi and uni,1,1,0,0,0,0,1,0,1,0,1,0,0,0,0,0
Scopula floslactata,Sco.flos,Moth,-281,722.5,724.1,16,38.97083974,-0.10231311,0.016926068,0.042793689,-0.005,0.407,0.272663209,-0.338321993,-0.099195705,ADV,EXP,STAB,ADVEXP,two,polyphagous,1,larva,24.3,generalist,semi and uni,1,0,1,0,0,1,0,1,0,1,0,1,0,0,0,1
Scopula immorata,Sco.immo,Moth,-31,732.6,728.4,-42,-51.01629434,-0.004916003,0.955107025,0.087280392,-0.035,0,-0.356940385,-0.016255903,-0.694369938,STAB,CONTR,NEG,DELCONTR,zero,oligophagous,2,larva,24.7,specialist,multi,0,1,0,0,0,1,0,0,1,0,0,0,0,0,0,0
Scopula immutata,Sco.immu,Moth,-97,704,717.9,139,138.4283091,0.095353812,0.050357747,0.048670471,0.004,0.397,0.96852691,0.315309461,0.079356564,STAB,EXP,STAB,DELEXP,one,polyphagous,1,larva,22.5,generalist,semi and uni,1,0,1,0,0,1,0,1,0,0,0,0,0,1,1,0
Scopula ternata,Sco.tern,Moth,-496,774.8,769,-58,-7.520224955,-0.139364759,0.000668032,0.040880483,-0.021,0,-0.052615973,-0.460841851,-0.416621963,ADV,STAB,NEG,ADVCONTR,one,polyphagous,1,larva,22.8,generalist,semi and uni,1,0,1,0,0,1,0,0,0,1,0,0,1,0,1,0
Idaea aversata,Ida.aver,Moth,-116,721,726.3,53,54.85933125,-0.080511714,0.013140518,0.032437122,-0.008,0.08,0.38382856,-0.266230627,-0.158713129,ADV,EXP,STAB,ADVEXP,two,oligophagous,1,larva,25.6,specialist,semi and uni,1,1,0,0,0,1,0,1,0,1,0,1,0,0,0,1
Idaea biselata,Ida.bise,Moth,204,697.6,732,344,304.9157996,0.071560266,0.023090074,0.031473968,0.016,0.01,2.133372568,0.236630591,0.317426258,DEL,EXP,POS,DELEXP,one,oligophagous,1,larva,19.2,specialist,semi and uni,1,1,0,0,0,1,0,1,0,0,1,0,0,1,1,0
Idaea dimidiata,Ida.dimi,Moth,-156,695.4,718.7,233,239.9772727,0.112398074,0.078259762,0.063721968,-0.031,0.001,1.679023951,0.371670261,-0.615013374,STAB,EXP,NEG,DELEXP,one,oligophagous,2,larva,18.1,specialist,multi,0,1,0,0,0,1,0,1,0,0,0,0,0,1,1,0
Idaea emarginata,Ida.emar,Moth,-74,696,696.6,6,2.485492725,-0.101625689,0.037409955,0.048697144,0.009,0.154,0.017389988,-0.336048875,0.17855227,ADV,STAB,STAB,ADVCONTR,one,polyphagous,1,larva,20.8,generalist,semi and uni,1,0,1,0,0,1,0,0,0,1,0,0,1,0,1,0
Idaea straminata,Ida.stra,Moth,-139,718.5,711.9,-66,-61.19785242,0.206995069,4.40E-05,0.050451804,-0.008,0.171,-0.42817663,0.684477133,-0.158713129,DEL,CONTR,STAB,DELCONTR,zero,polyphagous,2,larva,24.4,generalist,multi,0,0,1,0,0,1,0,0,1,0,1,0,0,0,0,0
Cyclophora albipunctata,Cyc.albi,Moth,-50,750.2,739.8,-104,-110.5852721,-0.087691197,0.583108917,0.159673301,0.017,0.041,-0.773720438,-0.289971252,0.337265399,STAB,CONTR,POS,DELCONTR,zero,oligophagous,2,pupa,24.2,specialist,multi,0,1,0,0,0,0,1,0,1,0,0,0,0,0,0,0
Timandra griseata,Tim.gris,Moth,4,722.9,728.7,58,44.50550689,0.415443671,1.18E-05,0.094510874,0.042,0,0.311387038,1.373760707,0.833243926,DEL,EXP,POS,DELEXP,one,polyphagous,2,larva,27.8,generalist,multi,0,0,1,0,0,1,0,1,0,0,1,0,0,1,1,0
Timandra comai,Tim.coma,Moth,95,671.8,681.2,94,68.86219009,-0.668091348,0.007615391,0.249136288,0.065,0,0.481800902,-2.209198758,1.289544171,ADV,EXP,POS,ADVEXP,two,polyphagous,3,larva,27.8,generalist,multi,0,0,1,0,0,1,0,1,0,1,0,1,0,0,0,1
Aplocera praeformata,Apl.prae,Moth,-445,699.1,696.9,-22,21.95439969,-0.090903267,0.137352379,0.061088555,-0.103,0,0.153606058,-0.300592702,-2.043431533,STAB,EXP,NEG,DELEXP,one,oligophagous,1,larva,39,specialist,semi and uni,1,1,0,0,0,1,0,1,0,0,0,0,0,1,1,0
Trichopteryx carpinata,Tri.carp,Moth,-177,739.4,727.2,-122,-112.335808,0.150152713,2.73E-05,0.03567604,-0.039,0,-0.78596823,0.496514719,-0.773726503,DEL,CONTR,NEG,DELCONTR,zero,polyphagous,1,pupa,29.8,generalist,semi and uni,1,0,1,0,0,0,1,0,1,0,1,0,0,0,0,0
Lampropteryx suffumata,Lam.suff,Moth,-90,745,731.2,-138,-139.4673307,0.085999397,0.333815092,0.08888026,0.003,0.659,-0.975796524,0.284376921,0.059517423,STAB,CONTR,STAB,DELCONTR,zero,oligophagous,1,pupa,27.2,specialist,semi and uni,1,1,0,0,0,0,1,0,1,0,0,0,0,0,0,0
Pelurga comitata,Pel.comi,Moth,-142,720.4,713.4,-70,-64.81400681,0.334002084,6.45E-08,0.061068666,-0.003,0.702,-0.4534774,1.104455238,-0.059517423,DEL,CONTR,STAB,DELCONTR,zero,polyphagous,1,pupa,28.2,generalist,semi and uni,1,0,1,0,0,0,1,0,1,0,1,0,0,0,0,0
Ecliptopera silaceata,Ecl.sila,Moth,-362,738,741.2,32,65.33467118,0.216221712,0.056740314,0.113338152,-0.063,0,0.457120279,0.714987163,-1.249865889,STAB,EXP,NEG,DELEXP,one,oligophagous,2,pupa,26.4,specialist,multi,0,1,0,0,0,0,1,1,0,0,0,0,0,1,1,0
Eulithis mellinata,Eul.mell,Moth,-251,731,718.7,-123,-103.8676163,-0.239424265,1.43E-07,0.045254275,0.014,0.03,-0.726719716,-0.791711778,0.277747975,ADV,CONTR,POS,ADVCONTR,one,oligophagous,1,egg,27.4,specialist,semi and uni,1,1,0,0,0,0,0,0,1,1,0,0,1,0,1,0
Eulithis prunata,Eul.prun,Moth,-98,739.2,740.1,9,8.556257596,-0.223496244,1.93E-10,0.034967086,0,0.986,0.059864675,-0.739042087,0,ADV,STAB,STAB,ADVCONTR,one,oligophagous,1,egg,32.5,specialist,semi and uni,1,1,0,0,0,0,0,0,0,1,0,0,1,0,1,0
Eulithis testata,Eul.test,Moth,-322,740.9,747.8,69,97.21672973,-0.111408522,4.81E-05,0.027104104,-0.011,0.02,0.680186152,-0.368398077,-0.218230552,ADV,EXP,NEG,ADVEXP,two,polyphagous,1,egg,26.4,generalist,semi and uni,1,0,1,0,0,0,0,1,0,1,0,1,0,0,0,1
Eulithis populata,Eul.popu,Moth,-304,759,759.3,3,28.91365607,-0.107839338,1.52E-05,0.024892969,-0.009,0.023,0.202297161,-0.356595743,-0.17855227,ADV,EXP,NEG,ADVEXP,two,polyphagous,1,egg,27.8,generalist,semi and uni,1,0,1,0,0,0,0,1,0,1,0,1,0,0,0,1
Dysstroma citratum,Dys.citr,Moth,27,738,755.5,175,158.5626906,-0.031770725,0.15820081,0.022509739,0.012,0.005,1.109399037,-0.105057261,0.238069693,STAB,EXP,POS,DELEXP,one,polyphagous,1,egg,29.5,generalist,semi and uni,1,0,1,0,0,0,0,1,0,0,0,0,0,1,1,0
Dysstroma truncatum,Dys.trun,Moth,-311,750.5,769.8,193,219.8092958,0.055616068,0.195940377,0.042993252,-0.017,0.003,1.537916771,0.183907408,-0.337265399,STAB,EXP,NEG,DELEXP,one,polyphagous,2,larva,31.3,generalist,multi,0,0,1,0,0,1,0,1,0,0,0,0,0,1,1,0
Dysstroma latefasciatum,Dys.late,Moth,-235,721.4,725.9,45,62.08520707,-0.070722844,0.07584671,0.039770546,0.024,0.008,0.434385092,-0.233861463,0.476139386,STAB,EXP,POS,DELEXP,one,oligophagous,1,larva,32.2,specialist,semi and uni,1,1,0,0,0,1,0,1,0,0,0,0,0,1,1,0
Chloroclysta miata,Chl.miat,Moth,-425,724.6,739.6,150,191.395429,-0.234824919,0.016516009,0.097879669,-0.028,0,1.339116433,-0.776502974,-0.555495951,ADV,EXP,NEG,ADVEXP,two,polyphagous,1,adult,31.5,generalist,semi and uni,1,0,1,0,1,0,0,1,0,1,0,1,0,0,0,1
Chloroclysta siterata,Chl.site,Moth,134,695,702.6,76,45.87219717,-0.389371164,0.034592305,0.183969057,-0.003,0.729,0.320949217,-1.287545925,-0.059517423,ADV,EXP,STAB,ADVEXP,two,polyphagous,1,adult,29.3,generalist,semi and uni,1,0,1,0,1,0,0,1,0,1,0,1,0,0,0,1
Plemyria rubiginata,Ple.rubi,Moth,-142,737.6,733.6,-40,-34.81400681,0.084081911,0.019679069,0.036019887,-0.003,0.468,-0.24357953,0.278036309,-0.059517423,DEL,CONTR,STAB,DELCONTR,zero,polyphagous,1,egg,27.6,generalist,semi and uni,1,0,1,0,0,0,0,0,1,0,1,0,0,0,0,0
Thera firmata,The.firm,Moth,949,721,715.7,-53,-187.4058599,0.345345178,3.84E-10,0.054768757,0.011,0.059,-1.311203031,1.141963807,0.218230552,DEL,CONTR,STAB,DELCONTR,zero,oligophagous,1,larva,28.8,specialist,semi and uni,1,1,0,0,0,1,0,0,1,0,1,0,0,0,0,0
Thera juniperata,The.juni,Moth,84,739.2,730.8,-84,-107.730376,0.115960217,0.018391672,0.049114649,0.004,0.576,-0.753745884,0.38344931,0.079356564,DEL,CONTR,STAB,DELCONTR,zero,oligophagous,1,egg,22.3,specialist,semi and uni,1,1,0,0,0,0,0,0,1,0,1,0,0,0,0,0
Thera obeliscata,The.obel,Moth,-398,742.1,712.7,-294,-256.0591815,0.5606741,8.44E-16,0.069022936,-0.052,0,-1.791542565,1.853998752,-1.031635337,DEL,CONTR,NEG,DELCONTR,zero,oligophagous,1,larva,28.5,specialist,semi and uni,1,1,0,0,0,1,0,0,1,0,1,0,0,0,0,0
Electrophaes corylata,Ele.cory,Moth,66,718.9,715.8,-31,-52.42730236,-0.360095881,0.00048573,0.10151124,0.011,0.268,-0.366812638,-1.190740423,0.218230552,ADV,CONTR,STAB,ADVCONTR,one,polyphagous,1,pupa,26.6,generalist,semi and uni,1,0,1,0,0,0,1,0,1,1,0,0,1,0,1,0
Cosmorhoe ocellata,Cos.ocel,Moth,-190,714.2,696.3,-179,-167.6724771,-0.051067463,0.419273881,0.063209203,-0.035,0,-1.17313653,-0.168866393,-0.694369938,STAB,CONTR,NEG,DELCONTR,zero,oligophagous,2,larva,24.1,specialist,multi,0,1,0,0,0,1,0,0,1,0,0,0,0,0,0,0
Colostygia pectinataria,Col.pect,Moth,-148,731,723.7,-73,-67.04631559,-0.072419718,0.07795239,0.04104946,0.005,0.271,-0.469095962,-0.239472569,0.099195705,STAB,CONTR,STAB,DELCONTR,zero,oligophagous,1,larva,23.9,specialist,semi and uni,1,1,0,0,0,1,0,0,1,0,0,0,0,0,0,0
Scotopteryx chenopodiata,Sco.chen,Moth,-89,736.1,737.6,15,13.40472077,-0.034623848,0.182746026,0.025980304,-0.027,0,0.093787412,-0.114491773,-0.53565681,STAB,STAB,NEG,DELCONTR,zero,oligophagous,1,larva,30.6,specialist,semi and uni,1,1,0,0,0,1,0,0,0,0,0,0,0,0,0,0
Xanthorhoe decoloraria,Xan.deco,Moth,-434,774.7,770.9,-38,4.546965794,0.059044507,0.648886429,0.129637517,-0.122,0,0.031813281,0.195244336,-2.420375214,STAB,STAB,NEG,DELCONTR,zero,oligophagous,1,larva,23.8,specialist,semi and uni,1,1,0,0,0,1,0,0,0,0,0,0,0,0,0,0
Xanthorhoe ferrugata,Xan.ferr,Moth,327,742.8,736.2,-66,-120.8218703,0.417162875,0.112109253,0.262020162,0.179,0,-0.845341777,1.379445652,3.551206256,STAB,CONTR,POS,DELCONTR,zero,polyphagous,2,pupa,21.9,generalist,multi,0,0,1,0,0,0,1,0,1,0,0,0,0,0,0,0
Xanthorhoe fluctuata,Xan.fluc,Moth,-196,761.6,755.4,-62,-49.90478585,0.02995831,0.740062719,0.090271713,-0.027,0,-0.349163609,0.099064091,-0.53565681,STAB,CONTR,NEG,DELCONTR,zero,polyphagous,3,pupa,24.3,generalist,multi,0,0,1,0,0,0,1,0,1,0,0,0,0,0,0,0
Xanthorhoe montanata,Xan.mont,Moth,-181,775.7,764.4,-113,-102.8240139,-0.106265913,8.44E-05,0.026962413,-0.008,0.056,-0.719418052,-0.35139285,-0.158713129,ADV,CONTR,STAB,ADVCONTR,one,polyphagous,1,larva,27.1,generalist,semi and uni,1,0,1,0,0,1,0,0,1,1,0,0,1,0,1,0
Ochyria quadrifasiata,Xan.quad,Moth,-139,702.8,732.8,300,304.8021476,-0.041334536,0.541230067,0.067618633,0,0.959,2.132577391,-0.136682214,0,STAB,EXP,STAB,DELEXP,one,polyphagous,1,larva,26.5,generalist,semi and uni,1,0,1,0,0,1,0,1,0,0,0,0,0,1,1,0
Xanthorhoe spadicearia,Xan.spad,Moth,-224,755.7,767.7,120,135.6777732,-0.323339375,0.006654989,0.11680194,-0.018,0.038,0.949282522,-1.069196521,-0.35710454,ADV,EXP,NEG,ADVEXP,two,polyphagous,2,pupa,20.9,generalist,multi,0,0,1,0,0,0,1,1,0,1,0,1,0,0,0,1
Epirrhoe alternata,Epi.alte,Moth,-14,759.3,747.7,-116,-127.1914195,0.447392779,8.03E-09,0.077180405,0.019,0.001,-0.889906937,1.479407831,0.376943681,DEL,CONTR,POS,DELCONTR,zero,oligophagous,3,pupa,23.3,specialist,multi,0,1,0,0,0,0,1,0,1,0,1,0,0,0,0,0
Entephria caesiata,Ent.caes,Moth,-648,770.8,769.8,-10,59.92795256,0.417972498,1.64E-06,0.0865523,-0.092,0,0.419291654,1.382122859,-1.825200981,DEL,EXP,NEG,DELEXP,one,oligophagous,1,larva,31.5,specialist,semi and uni,1,1,0,0,0,1,0,1,0,0,1,0,0,1,1,0
Spargania luctuata,Spa.luct,Moth,-204,744.4,732.6,-118,-104.8811976,0.049057202,0.601355634,0.093693674,-0.037,0.001,-0.733811334,0.162218998,-0.734048221,STAB,CONTR,NEG,DELCONTR,zero,oligophagous,1,pupa,26.6,specialist,semi and uni,1,1,0,0,0,0,1,0,1,0,0,0,0,0,0,0
Hydriomena furcata,Hyd.furc,Moth,-518,738,738.5,5,58.29464284,-0.237031297,3.05E-11,0.035225878,0,0.956,0.407864047,-0.783798874,0,ADV,EXP,STAB,ADVEXP,two,polyphagous,1,egg,27.2,generalist,semi and uni,1,0,1,0,0,0,0,1,0,1,0,1,0,0,0,1
Hydriomena ruberata,Hyd.rube,Moth,-152,744,744.3,3,9.465478556,-0.074296498,0.269076964,0.067198193,-0.035,0,0.066226126,-0.245678575,-0.694369938,STAB,STAB,NEG,DELCONTR,zero,oligophagous,1,pupa,31.9,specialist,semi and uni,1,1,0,0,0,0,1,0,0,0,0,0,0,0,0,0
Hydriomena impluviata,Hyd.impl,Moth,-259,735.4,719.6,-158,-137.8440281,-0.361383224,1.04E-11,0.052735353,-0.038,0,-0.964438932,-1.194997321,-0.753887362,ADV,CONTR,NEG,ADVCONTR,one,polyphagous,1,pupa,29.8,generalist,semi and uni,1,0,1,0,0,0,1,0,1,1,0,0,1,0,1,0
Operophtera brumata,Ope.brum,Moth,-151,747.6,740.2,-74,-67.66246998,0.251959028,7.73E-19,0.028161126,-0.06,0,-0.473406946,0.833160873,-1.190348466,DEL,CONTR,NEG,DELCONTR,zero,polyphagous,1,egg,0,generalist,semi and uni,1,0,1,0,0,0,0,0,1,0,1,0,0,0,0,0
Operophtera fagata,Ope.faga,Moth,-22,742,708.1,-339,-349.1678312,0.215505963,6.64E-06,0.047611007,-0.056,0,-2.442986141,0.712620373,-1.110991901,DEL,CONTR,NEG,DELCONTR,zero,polyphagous,1,egg,0,generalist,semi and uni,1,0,1,0,0,0,0,0,1,0,1,0,0,0,0,0
Epirrita autumnata,Epi.autu,Moth,-24,757.8,744.5,-133,-142.9119341,0.154661787,1.49E-10,0.024084041,-0.005,0.85,-0.999897022,0.511425016,-0.099195705,DEL,CONTR,STAB,DELCONTR,zero,polyphagous,1,egg,33.1,generalist,semi and uni,1,0,1,0,0,0,0,0,1,0,1,0,0,0,0,0
Euchoeca nebulata,Euc.nebu,Moth,-71,710.8,708.1,-27,-30.89835288,0.263661709,0.015232962,0.108044528,0.006,0.528,-0.216183282,0.8718585,0.119034847,DEL,CONTR,STAB,DELCONTR,zero,oligophagous,2,pupa,22.2,specialist,multi,0,1,0,0,0,0,1,0,1,0,1,0,0,0,0,0
Hydrelia flammeolaria,Hyd.flam,Moth,-71,721.9,706.9,-150,-153.8983529,-0.054505068,0.42480178,0.068193447,-0.017,0.016,-1.076764552,-0.18023363,-0.337265399,STAB,CONTR,NEG,DELCONTR,zero,oligophagous,1,pupa,19.2,specialist,semi and uni,1,1,0,0,0,0,1,0,1,0,0,0,0,0,0,0
Venusia cambrica,Ven.camb,Moth,-297,718.8,713.2,-56,-30.98198368,0.265316089,0.000181983,0.070235047,-0.073,0,-0.216768413,0.87732909,-1.4482573,DEL,CONTR,NEG,DELCONTR,zero,oligophagous,1,pupa,25.7,specialist,semi and uni,1,1,0,0,0,0,1,0,1,0,1,0,0,0,0,0
Martania taeniata,Per.taen,Moth,-563,734.5,740.2,57,116.052327,0.010020627,0.771647395,0.034521588,-0.03,0,0.81197121,0.033135523,-0.595174233,STAB,EXP,NEG,DELEXP,one,polyphagous,1,larva,22,generalist,semi and uni,1,0,1,0,0,1,0,1,0,0,0,0,0,1,1,0
Mesotype parallelolineata,Per.para,Moth,-341,721,729.9,89,119.6477519,-0.05984717,0.083028682,0.034456892,0.008,0.236,0.837126945,-0.197898526,0.158713129,STAB,EXP,STAB,DELEXP,one,oligophagous,1,egg,25.5,specialist,semi and uni,1,1,0,0,0,0,0,1,0,0,0,0,0,1,1,0
Mesotype didymata,Per.didy,Moth,-476,734.6,743.4,88,135.9208043,-0.139189832,2.76E-07,0.026964598,0.003,0.599,0.950982913,-0.460263412,0.059517423,ADV,EXP,STAB,ADVEXP,two,polyphagous,1,egg,23.1,generalist,semi and uni,1,0,1,0,0,0,0,1,0,1,0,1,0,0,0,1
Perizoma affinitatum,Per.affi,Moth,20,747.5,761.6,141,125.4583303,-0.36151362,0.000319314,0.099887946,0.028,0.002,0.877781213,-1.195428504,0.555495951,ADV,EXP,POS,ADVEXP,two,monophagous,2,pupa,24.9,specialist,multi,0,1,0,0,0,0,1,1,0,1,0,1,0,0,0,1
Perizoma alchemillatum,Per.alch,Moth,-416,740.4,720,-204,-163.7561079,0.224314808,2.25E-09,0.037235017,-0.048,0,-1.145735278,0.741748861,-0.952278773,DEL,CONTR,NEG,DELCONTR,zero,oligophagous,2,pupa,19.8,specialist,multi,0,1,0,0,0,0,1,0,1,0,1,0,0,0,0,0
Perizoma albulatum,Per.albu,Moth,-230,774.8,768.1,-67,-50.55453561,-0.001022926,0.992796107,0.112996704,-0.122,0,-0.353709646,-0.003382542,-2.420375214,STAB,CONTR,NEG,DELCONTR,zero,monophagous,2,pupa,19.3,specialist,multi,0,1,0,0,0,0,1,0,1,0,0,0,0,0,0,0
Eupithecia absinthiata,Eup.absi,Moth,-216,738.9,712.4,-265,-250.3458151,0.027039533,0.63845693,0.057529668,-0.042,0,-1.75156845,0.089412476,-0.833243926,STAB,CONTR,NEG,DELCONTR,zero,polyphagous,1,pupa,20.2,generalist,semi and uni,1,0,1,0,0,0,1,0,1,0,0,0,0,0,0,0
Eupithecia assimilata,Eup.assi,Moth,-47,738,722.3,-157,-163.9691178,-0.394660723,9.65E-06,0.0879645,0.021,0.022,-1.147225622,-1.305037075,0.416621963,ADV,CONTR,POS,ADVCONTR,one,monophagous,2,pupa,17.5,specialist,multi,0,1,0,0,0,0,1,0,1,1,0,0,1,0,1,0
Eupithecia exiguata,Eup.exig,Moth,-18,696.2,702.7,65,54.32037469,-0.565441196,1.08E-08,0.094186955,0.027,0.002,0.380057699,-1.869762259,0.53565681,ADV,EXP,POS,ADVEXP,two,oligophagous,1,pupa,18.4,specialist,semi and uni,1,1,0,0,0,0,1,1,0,1,0,1,0,0,0,1
Eupithecia icterata,Eup.icte,Moth,-36,695,708.5,135,126.6234483,0.064363731,0.25589924,0.05655709,-0.035,0.002,0.885933072,0.212833582,-0.694369938,STAB,EXP,NEG,DELEXP,one,polyphagous,1,pupa,20.4,generalist,semi and uni,1,0,1,0,0,0,1,1,0,0,0,0,0,1,1,0
Eupithecia intricata,Eup.intr,Moth,-148,741.2,740.9,-3,2.953684411,-0.136344312,0.039641346,0.066194644,-0.02,0.052,0.020665736,-0.450854041,-0.396782822,ADV,STAB,STAB,ADVCONTR,one,oligophagous,1,pupa,18.5,specialist,semi and uni,1,1,0,0,0,0,1,0,0,1,0,0,1,0,1,0
Eupithecia lanceata,Eup.lanc,Moth,-1,737.1,699.2,-379,-391.8547504,0.421745245,4.87E-07,0.082213148,-0.003,0.781,-2.741649256,1.39459832,-0.059517423,DEL,CONTR,STAB,DELCONTR,zero,oligophagous,1,pupa,18.1,specialist,semi and uni,1,1,0,0,0,0,1,0,1,0,1,0,0,0,0,0
Eupithecia plumbeolata,Eup.plum,Moth,-41,739.2,701.6,-376,-383.736809,-0.21288903,0.018201084,0.089791345,-0.042,0,-2.684851302,-0.703966879,-0.833243926,ADV,CONTR,NEG,ADVCONTR,one,oligophagous,1,pupa,14.5,specialist,semi and uni,1,1,0,0,0,0,1,0,1,1,0,0,1,0,1,0
Eupithecia pusillata,Eup.pusi,Moth,-317,738,748.7,107,134.576987,0.381582474,6.30E-37,0.029607549,-0.015,0.007,0.941580767,1.261790819,-0.297587116,DEL,EXP,NEG,DELEXP,one,oligophagous,1,egg,19,specialist,semi and uni,1,1,0,0,0,0,0,1,0,0,1,0,0,1,1,0
Eupithecia satyrata,Eup.saty,Moth,-179,753.6,733.2,-204,-194.079911,-0.251902398,4.07E-10,0.040023763,0.004,0.488,-1.357898668,-0.832973614,0.079356564,ADV,CONTR,STAB,ADVCONTR,one,polyphagous,1,pupa,18.8,generalist,semi and uni,1,0,1,0,0,0,1,0,1,1,0,0,1,0,1,0
Eupithecia subfuscata,Eup.subf,Moth,-120,725,711.4,-136,-133.6288746,-0.120508657,0.120892404,0.077582622,-0.034,0,-0.934947208,-0.39848978,-0.674530797,STAB,CONTR,NEG,DELCONTR,zero,polyphagous,1,pupa,18.3,generalist,semi and uni,1,0,1,0,0,0,1,0,1,0,0,0,0,0,0,0
Eupithecia succenturiata,Eup.succ,Moth,-186,739.8,738.3,-15,-4.184271209,0.294472194,0.000236079,0.079635526,-0.063,0,-0.029275654,0.973740502,-1.249865889,DEL,STAB,NEG,DELCONTR,zero,polyphagous,1,pupa,22.6,generalist,semi and uni,1,0,1,0,0,0,1,0,0,0,1,0,0,0,0,0
Eupithecia tantillaria,Eup.tant,Moth,-69,705.5,714.8,93,88.84575004,-0.592799353,1.61E-11,0.085674201,-0.004,0.582,0.621617791,-1.960228342,-0.079356564,ADV,EXP,STAB,ADVEXP,two,polyphagous,1,pupa,17.6,generalist,semi and uni,1,0,1,0,0,0,1,1,0,1,0,1,0,0,0,1
Eupithecia vulgata,Eup.vulg,Moth,-398,744.8,735.2,-96,-58.05918151,-0.410043541,4.51E-21,0.043048991,-0.018,0.005,-0.406216619,-1.355903925,-0.35710454,ADV,CONTR,NEG,ADVCONTR,one,polyphagous,1,pupa,17.2,generalist,semi and uni,1,0,1,0,0,0,1,0,1,1,0,0,1,0,1,0
Gymnoscelis rufifasciata,Gym.rufi,Moth,230,686.4,704.2,178,135.5891377,-0.286807035,0.224793128,0.236073412,0.023,0.03,0.948662376,-0.948393879,0.456300245,STAB,EXP,POS,DELEXP,one,polyphagous,3,pupa,16.3,generalist,multi,0,0,1,0,0,0,1,1,0,0,0,0,0,1,1,0
Pasiphila rectangulata,Pas.rect,Moth,-35,704.9,713.4,85,76.49549981,-0.109719189,0.139752661,0.074016322,-0.02,0.023,0.535208084,-0.362811907,-0.396782822,STAB,EXP,NEG,DELEXP,one,polyphagous,1,egg,19.1,generalist,semi and uni,1,0,1,0,0,0,0,1,0,0,0,0,0,1,1,0
Pasiphila debiliata,Pas.debi,Moth,13,726.7,727.5,8,-6.646029934,-0.285923432,1.91E-08,0.050594562,0.051,0,-0.046499584,-0.945472041,1.011796196,ADV,STAB,POS,ADVCONTR,one,oligophagous,1,egg,17.9,specialist,semi and uni,1,1,0,0,0,0,0,0,0,1,0,0,1,0,1,0
Jodis putata,Jod.puta,Moth,-66,738,734.5,-35,-39.53809557,-0.20515361,0.005048298,0.072935871,0.007,0.471,-0.276632069,-0.678387922,0.138873988,ADV,CONTR,STAB,ADVCONTR,one,oligophagous,1,pupa,20.7,specialist,semi and uni,1,1,0,0,0,0,1,0,1,1,0,0,1,0,1,0
Geometra papilionaria,Geo.papi,Moth,-216,743,739.2,-38,-23.34581512,-0.083838025,0.014130719,0.034127374,-0.038,0,-0.163341229,-0.277229845,-0.753887362,ADV,CONTR,NEG,ADVCONTR,one,polyphagous,1,larva,47.9,generalist,semi and uni,1,0,1,0,0,1,0,0,1,1,0,0,1,0,1,0
Lomaspilis marginata,Lom.marg,Moth,-70,738,734.1,-39,-43.02630142,-0.002602418,0.966077553,0.061185911,0.009,0.117,-0.301037635,-0.008605499,0.17855227,STAB,CONTR,STAB,DELCONTR,zero,polyphagous,3,pupa,22.7,generalist,multi,0,0,1,0,0,0,1,0,1,0,0,0,0,0,0,0
Abraxas sylvatus,Cal.sylv,Moth,213,677.1,694.2,171,130.7642628,-0.722437291,0.009701181,0.27840947,0.077,0.001,0.914904677,-2.388906206,1.527613864,ADV,EXP,POS,ADVEXP,two,monophagous,3,pupa,37.9,specialist,multi,0,1,0,0,0,0,1,1,0,1,0,1,0,0,0,1
Macaria brunneata,Mac.brun,Moth,-476,745.1,765.9,208,255.9208043,-0.195744691,3.13E-08,0.035239207,0.014,0.059,1.790574395,-0.647275153,0.277747975,ADV,EXP,STAB,ADVEXP,two,polyphagous,1,egg,22.4,generalist,semi and uni,1,0,1,0,0,0,0,1,0,1,0,1,0,0,0,1
Macaria alternata,Mac.alte,Moth,-11,701.4,703.5,21,9.424734937,0.102415882,0.232300007,0.085704052,0.006,0.399,0.06594106,0.33866183,0.119034847,STAB,STAB,STAB,DELCONTR,zero,polyphagous,2,pupa,25.3,generalist,multi,0,0,1,0,0,0,1,0,0,0,0,0,0,0,0,0
Macaria liturata,Mac.litu,Moth,226,738,731,-70,-111.8990682,0.256007142,0.001064029,0.07809157,0.008,0.258,-0.782912538,0.846546901,0.158713129,DEL,CONTR,STAB,DELCONTR,zero,oligophagous,2,pupa,28.2,specialist,multi,0,1,0,0,0,0,1,0,1,0,1,0,0,0,0,0
Macaria notata,Mac.nota,Moth,-244,725.9,735.3,94,112.2367439,0.32783509,8.83E-05,0.083290172,-0.035,0,0.785275118,1.084062644,-0.694369938,DEL,EXP,NEG,DELEXP,one,polyphagous,2,pupa,28.6,generalist,multi,0,0,1,0,0,0,1,1,0,0,1,0,0,1,1,0
Macaria wauaria,Mac.waua,Moth,-409,739.6,736.2,-34,5.348252387,-0.201790884,2.30E-11,0.030039463,-0.041,0,0.03741956,-0.667268289,-0.813404785,ADV,STAB,NEG,ADVCONTR,one,oligophagous,1,egg,28.3,specialist,semi and uni,1,1,0,0,0,0,0,0,0,1,0,0,1,0,1,0
Chiasmia clathrata,Chi.clat,Moth,-405,737.7,726,-117,-78.16354176,0.145374693,0.001989325,0.046966071,-0.033,0,-0.546878699,0.480715087,-0.654691656,DEL,CONTR,NEG,DELCONTR,zero,polyphagous,2,pupa,21.4,generalist,multi,0,0,1,0,0,0,1,0,1,0,1,0,0,0,0,0
Lycia hirtaria,Lyc.hirt,Moth,-121,741.6,714.2,-274,-271.5009261,0.055538884,0.049129187,0.028209983,-0.033,0,-1.899582208,0.183652182,-0.654691656,DEL,CONTR,NEG,DELCONTR,zero,polyphagous,1,pupa,46.6,generalist,semi and uni,1,0,1,0,0,0,1,0,1,0,1,0,0,0,0,0
Erannis defoliaria,Era.defo,Moth,-138,692.5,692.3,-2,2.674199048,0.081507271,0.271382204,0.073623948,-0.032,0.005,0.01871029,0.269522666,-0.634852515,STAB,STAB,NEG,DELCONTR,zero,polyphagous,1,egg,0,generalist,semi and uni,1,0,1,0,0,0,0,0,0,0,0,0,0,0,0,0
Arichanna melanaria,Ari.mela,Moth,-108,729.5,738.2,87,87.83574296,-0.001677101,0.969938849,0.044491068,-0.002,0.775,0.61455118,-0.005545723,-0.039678282,STAB,EXP,STAB,DELEXP,one,oligophagous,1,larva,36.4,specialist,semi and uni,1,1,0,0,0,1,0,1,0,0,0,0,0,1,1,0
Alcis repandatus,Alc.repa,Moth,-211,707.5,725.4,179,193.0144422,-0.028223388,0.372710276,0.031649033,-0.014,0.008,1.350444014,-0.093327167,-0.277747975,STAB,EXP,NEG,DELEXP,one,polyphagous,2,larva,38,generalist,multi,0,0,1,0,0,1,0,1,0,0,0,0,0,1,1,0
Cleora cinctaria,Cle.cinc,Moth,58,708.2,709.6,14,-6.403714068,0.328447822,9.42E-12,0.047363684,0.011,0.106,-0.044804198,1.086088785,0.218230552,DEL,STAB,STAB,DELCONTR,zero,polyphagous,1,pupa,30.1,generalist,semi and uni,1,0,1,0,0,0,1,0,0,0,1,0,0,0,0,0
Deileptenia ribeata,Dei.ribe,Moth,170,686.6,703.9,173,138.2660499,-0.118572561,0.203039786,0.09281873,0.018,0.179,0.967391648,-0.392087631,0.35710454,STAB,EXP,STAB,DELEXP,one,polyphagous,1,larva,41.9,generalist,semi and uni,1,0,1,0,0,1,0,1,0,0,0,0,0,1,1,0
Ectropis crepuscularia,Ect.crep,Moth,-151,718.2,739.2,210,216.33753,0.208104453,0.000135251,0.054344793,0,0.995,1.513626229,0.688145567,0,DEL,EXP,STAB,DELEXP,one,polyphagous,2,pupa,36.2,generalist,multi,0,0,1,0,0,0,1,1,0,0,1,0,0,1,1,0
Hypomecis roboraria,Hyp.robo,Moth,503,687,710.5,235,157.6591873,0.199136817,0.023197941,0.087536637,0.04,0,1.10307759,0.658492003,0.793565644,DEL,EXP,POS,DELEXP,one,polyphagous,2,larva,53.4,generalist,multi,0,0,1,0,0,1,0,1,0,0,1,0,0,1,1,0
Hypomecis punctinalis,Hyp.punc,Moth,573,676,697.1,211,124.7027897,-0.196445151,0.313437534,0.194620074,0.208,0,0.872495001,-0.649591384,4.126541348,STAB,EXP,POS,DELEXP,one,polyphagous,2,pupa,41.5,generalist,multi,0,0,1,0,0,0,1,1,0,0,0,0,0,1,1,0
Aethalura punctulata,Aet.punc,Moth,48,696.6,702.9,63,43.8757713,0.295314387,2.93E-06,0.062077966,0.007,0.364,0.306981032,0.97652541,0.138873988,DEL,EXP,STAB,DELEXP,one,oligophagous,1,pupa,26.9,specialist,semi and uni,1,1,0,0,0,0,1,1,0,0,1,0,0,1,1,0
Cabera pusaria,Cab.pusa,Moth,-160,738,735.4,-26,-18.51093315,-0.053829141,0.191897955,0.041241052,-0.014,0.014,-0.129513515,-0.177998521,-0.277747975,STAB,STAB,NEG,DELCONTR,zero,polyphagous,2,pupa,30.4,generalist,multi,0,0,1,0,0,0,1,0,0,0,0,0,0,0,0,0
Cabera exanthemata,Cab.exan,Moth,-219,742.3,744.2,19,34.03803049,0.121031654,0.002673367,0.040255683,-0.019,0.002,0.238150337,0.400219194,-0.376943681,DEL,EXP,NEG,DELEXP,one,polyphagous,2,pupa,29,generalist,multi,0,0,1,0,0,0,1,1,0,0,1,0,0,1,1,0
Lomographa bimaculata,Lom.bima,Moth,248,682.7,703.2,205,160.286064,-0.723516755,2.72E-12,0.100238548,0.08,0,1.121456784,-2.392475703,1.587131288,ADV,EXP,POS,ADVEXP,two,polyphagous,1,pupa,27.2,generalist,semi and uni,1,0,1,0,0,0,1,1,0,1,0,1,0,0,0,1
Hylaea fasciaria,Hyl.fasc,Moth,-386,738,736.5,-15,21.40543605,-0.024923211,0.623638449,0.050769867,-0.04,0,0.149765182,-0.082414368,-0.793565644,STAB,EXP,NEG,DELEXP,one,oligophagous,2,larva,37.1,specialist,multi,0,1,0,0,0,1,0,1,0,0,0,0,0,1,1,0
Colotois pennaria,Col.penn,Moth,-41,704.2,692.2,-120,-127.736809,0.215538293,0.000228128,0.058065745,-0.02,0.064,-0.893722807,0.71272728,-0.396782822,DEL,CONTR,STAB,DELCONTR,zero,polyphagous,1,egg,42.1,generalist,semi and uni,1,0,1,0,0,0,0,0,1,0,1,0,0,0,0,0
Plagodis pulveraria,Pla.pulv,Moth,-360,738,728.1,-99,-65.92122589,-0.013672974,0.730651114,0.039710965,-0.039,0,-0.461224165,-0.045212856,-0.773726503,STAB,CONTR,NEG,DELCONTR,zero,polyphagous,2,pupa,31.9,generalist,multi,0,0,1,0,0,0,1,0,1,0,0,0,0,0,0,0
Epione vespertaria,Epi.vesp,Moth,-330,715.4,724.5,91,120.240318,-0.07555785,0.094773833,0.045185034,-0.048,0,0.84127289,-0.249849527,-0.952278773,STAB,EXP,NEG,DELEXP,one,polyphagous,1,egg,26.9,generalist,semi and uni,1,0,1,0,0,0,0,1,0,0,0,0,0,1,1,0
Epione repandaria,Epi.repa,Moth,-220,738,742.4,44,59.16597903,-0.023163566,0.619628182,0.046655493,-0.025,0.001,0.413960434,-0.076595696,-0.495978527,STAB,EXP,NEG,DELEXP,one,oligophagous,1,egg,28.3,specialist,semi and uni,1,1,0,0,0,0,0,1,0,0,0,0,0,1,1,0
Cepphis advenaria,Cep.adve,Moth,160,680.2,698.4,182,148.5455352,-0.867956578,2.46E-08,0.108086065,0.134,0,1.039313051,-2.870099427,2.658444907,ADV,EXP,POS,ADVEXP,two,oligophagous,1,pupa,26.3,specialist,semi and uni,1,1,0,0,0,0,1,1,0,1,0,1,0,0,0,1
Selenia dentaria,Sel.dent,Moth,-314,757.5,746.5,-110,-82.80685856,-0.182861142,2.44E-05,0.043166542,-0.025,0,-0.579366109,-0.604672712,-0.495978527,ADV,CONTR,NEG,ADVCONTR,one,polyphagous,2,pupa,41.6,generalist,multi,0,0,1,0,0,0,1,0,1,1,0,0,1,0,1,0
Selenia tetralunaria,Sel.tetr,Moth,-58,737.8,708,-298,-303.5616839,0.102421492,0.307092982,0.100168628,-0.023,0.005,-2.123898368,0.338680382,-0.456300245,STAB,CONTR,NEG,DELCONTR,zero,polyphagous,2,pupa,44,generalist,multi,0,0,1,0,0,0,1,0,1,0,0,0,0,0,0,0
Odontopera bidentata,Odo.bide,Moth,-214,721,710.9,-101,-86.60171219,-0.207934925,7.38E-08,0.038414048,-0.016,0.025,-0.605917166,-0.687584984,-0.317426258,ADV,CONTR,NEG,ADVCONTR,one,polyphagous,1,pupa,40,generalist,semi and uni,1,0,1,0,0,0,1,0,1,1,0,0,1,0,1,0
Opisthograptis luteolata,Opi.lute,Moth,-151,721.9,721.6,-3,3.33753002,-0.280425492,1.15E-05,0.063342106,-0.034,0,0.023351348,-0.927291831,-0.674530797,ADV,STAB,NEG,ADVCONTR,one,polyphagous,2,pupa,37,generalist,multi,0,0,1,0,0,0,1,0,0,1,0,0,1,0,1,0
Crocallis elinguaria,Cro.elin,Moth,-381,733.7,718.5,-152,-116.2343066,-0.109999054,1.81E-05,0.025548135,-0.031,0,-0.813244448,-0.363737345,-0.615013374,ADV,CONTR,NEG,ADVCONTR,one,polyphagous,1,egg,38.4,generalist,semi and uni,1,0,1,0,0,0,0,0,1,1,0,0,1,0,1,0
Ennomos alniarius,Enn.alni,Moth,90,690.7,703.9,132,107.5019328,0.250423819,0.004044884,0.086745507,-0.03,0.001,0.752147559,0.828084352,-0.595174233,DEL,EXP,NEG,DELEXP,one,polyphagous,1,egg,39.4,generalist,semi and uni,1,0,1,0,0,0,0,1,0,0,1,0,0,1,1,0
Ennomos autumnarius,Enn.autu,Moth,-57,701.8,711.3,95,89.31036761,-0.134731162,0.172911825,0.098458571,-0.043,0.002,0.624868533,-0.445519788,-0.853083067,STAB,EXP,NEG,DELEXP,one,polyphagous,1,egg,48.2,generalist,semi and uni,1,0,1,0,0,0,0,1,0,0,0,0,0,1,1,0
Poecilocampa populi,Poe.popu,Moth,-61,747.6,728.9,-187,-192.1778382,0.253649596,5.12E-24,0.024852377,-0.01,0.057,-1.344590634,0.838751131,-0.198391411,DEL,CONTR,STAB,DELCONTR,zero,polyphagous,1,egg,41.6,generalist,semi and uni,1,0,1,0,0,0,0,0,1,0,1,0,0,0,0,0
Trichiura crataegi,Tri.crat,Moth,-125,761.2,735,-262,-258.9891319,-0.052221008,0.55634426,0.088724664,-0.034,0,-1.812042243,-0.172680858,-0.674530797,STAB,CONTR,NEG,DELCONTR,zero,polyphagous,1,larva,34.5,generalist,semi and uni,1,0,1,0,0,1,0,0,1,0,0,0,0,0,0,0
Macrothylacia rubi,Mac.rubi,Moth,136,701.8,704.8,30,-0.383699899,-0.590014725,2.67E-11,0.086022933,0.062,0,-0.002684593,-1.951020325,1.230026748,ADV,STAB,POS,ADVCONTR,one,polyphagous,1,larva,53.9,generalist,semi and uni,1,0,1,0,0,1,0,0,0,1,0,0,1,0,1,0
Phalera bucephala,Pha.buce,Moth,-12,698.2,704.4,62,50.55268347,0.658034221,4.74E-07,0.129116545,-0.011,0.174,0.353696687,2.175942539,-0.218230552,DEL,EXP,STAB,DELEXP,one,polyphagous,2,pupa,57.6,generalist,multi,0,0,1,0,0,0,1,1,0,0,1,0,0,1,1,0
Clostera curtula,Clo.curt,Moth,-111,706.3,706.7,4,5.219588568,-0.379660593,9.85E-05,0.096296676,-0.059,0,0.036519351,-1.255435672,-1.170509325,ADV,STAB,NEG,ADVCONTR,one,polyphagous,2,pupa,35.5,generalist,multi,0,0,1,0,0,0,1,0,0,1,0,0,1,0,1,0
Clostera pigra,Clo.pigr,Moth,-13,731.8,714.8,-170,-181.319368,0.032458303,0.747116362,0.100624705,-0.06,0,-1.268618308,0.107330895,-1.190348466,STAB,CONTR,NEG,DELCONTR,zero,polyphagous,2,pupa,27.2,generalist,multi,0,0,1,0,0,0,1,0,1,0,0,0,0,0,0,0
Odontosia sieversi,Odo.siev,Moth,-154,742.8,717.2,-256,-249.2786244,0.105805662,0.081288008,0.060618548,0.009,0.224,-1.744101748,0.349870925,0.17855227,STAB,CONTR,STAB,DELCONTR,zero,oligophagous,1,pupa,46.4,specialist,semi and uni,1,1,0,0,0,0,1,0,1,0,0,0,0,0,0,0
Pheosia tremula,Phe.trem,Moth,75,701.5,705.3,38,15.42116082,0.485216152,8.64E-18,0.055564192,0.025,0,0.107895627,1.604479573,0.495978527,DEL,STAB,POS,DELCONTR,zero,oligophagous,2,pupa,48.8,specialist,multi,0,1,0,0,0,0,1,0,0,0,1,0,0,0,0,0
Pheosia gnoma,Phe.gnom,Moth,-2,732.5,712.6,-199,-211.7268019,0.493772671,7.90E-24,0.048367395,0.015,0.011,-1.481366829,1.632773685,0.297587116,DEL,CONTR,POS,DELCONTR,zero,oligophagous,2,pupa,46.5,specialist,multi,0,1,0,0,0,0,1,0,1,0,1,0,0,0,0,0
Pterostoma palpinum,Pte.palp,Moth,-56,738.6,707.6,-310,-315.8175809,0.103393469,0.269827163,0.093553852,-0.004,0.409,-2.209647924,0.341894449,-0.079356564,STAB,CONTR,STAB,DELCONTR,zero,polyphagous,2,pupa,49.6,generalist,multi,0,0,1,0,0,0,1,0,1,0,0,0,0,0,0,0
Ptilodon capucinus,Pti.capu,Moth,-247,738,715.8,-222,-203.3794105,0.159898975,0.000520881,0.046013975,-0.026,0,-1.422963506,0.528742991,-0.515817669,DEL,CONTR,NEG,DELCONTR,zero,polyphagous,2,pupa,41.6,generalist,multi,0,0,1,0,0,0,1,0,1,0,1,0,0,0,0,0
Nycteola degenerana,Nyc.dege,Moth,280,700.5,719.8,193,144.1917109,-0.217548014,0.415693947,0.267156224,0.094,0,1.008851102,-0.719372887,1.864879263,STAB,EXP,POS,DELEXP,one,polyphagous,1,adult,26.3,generalist,semi and uni,1,0,1,0,1,0,0,1,0,0,0,0,0,1,1,0
Rivula sericealis,Riv.seri,Moth,726,697.1,725.3,282,176.1266637,0.429867481,5.10E-14,0.056636567,0.078,0,1.232287055,1.421456375,1.547453006,DEL,EXP,POS,DELEXP,one,polyphagous,2,larva,21.5,generalist,multi,0,0,1,0,0,1,0,1,0,0,1,0,0,1,1,0
Hypena crassalis,Hyp.cras,Moth,40,695.4,712.5,171,152.8993596,-0.694920134,0.000579329,0.196065033,0.048,0.004,1.069775,-2.297914354,0.952278773,ADV,EXP,POS,ADVEXP,two,oligophagous,2,pupa,28.1,specialist,multi,0,1,0,0,0,0,1,1,0,1,0,1,0,0,0,1
Hypena proboscidalis,Hyp.prob,Moth,-202,736.3,731.3,-50,-37.13709463,0.002373116,0.945347925,0.034615206,-0.011,0.013,-0.259833236,0.007847257,-0.218230552,STAB,CONTR,NEG,DELCONTR,zero,oligophagous,2,larva,34.8,specialist,multi,0,1,0,0,0,1,0,0,1,0,0,0,0,0,0,0
Polypogon tentacularius,Pol.tent,Moth,-73,738,724.7,-133,-136.6424558,0.145825324,0.012137691,0.058014937,-0.039,0,-0.956032017,0.482205203,-0.773726503,DEL,CONTR,NEG,DELCONTR,zero,polyphagous,2,larva,23.2,generalist,multi,0,0,1,0,0,1,0,0,1,0,1,0,0,0,0,0
Herminia grisealis,Her.gris,Moth,159,678,701.2,232,198.6734838,-0.024501735,0.902092926,0.199071734,0.091,0,1.390038039,-0.081020661,1.80536184,STAB,EXP,POS,DELEXP,one,polyphagous,2,pupa,25.7,generalist,multi,0,0,1,0,0,0,1,1,0,0,0,0,0,1,1,0
Herminia tarsipennalis,Her.tarp,Moth,250,684.4,709.6,252,207.030167,0.011761246,0.918656454,0.115118754,0.044,0,1.448506373,0.038891284,0.872922208,STAB,EXP,POS,DELEXP,one,polyphagous,2,larva,29.3,generalist,multi,0,0,1,0,0,1,0,1,0,0,0,0,0,1,1,0
Cybosia mesomella,Cyb.meso,Moth,-187,702.9,722.6,197,207.9436773,0.049850943,0.237662124,0.042191101,0.003,0.648,1.454897836,0.164843686,0.059517423,STAB,EXP,STAB,DELEXP,one,polyphagous,1,larva,26.4,generalist,semi and uni,1,0,1,0,0,1,0,1,0,0,0,0,0,1,1,0
Eilema complanum,Eil.comp,Moth,300,692.4,700.6,82,30.63274015,0.396452759,2.19E-15,0.048950885,0.016,0.061,0.214324898,1.310962858,0.317426258,DEL,EXP,STAB,DELEXP,one,lichen or fungi,1,larva,32.7,lichen or fungi,semi and uni,1,0,0,1,0,1,0,1,0,0,1,0,0,1,1,0
Eilema depressum,Eil.depr,Moth,477,675.4,711.9,365,290.9858492,0.298402631,0.023951488,0.131638013,0.171,0,2.035910337,0.986737404,3.392493128,DEL,EXP,POS,DELEXP,one,lichen or fungi,1,larva,31,lichen or fungi,semi and uni,1,0,0,1,0,1,0,1,0,0,1,0,0,1,1,0
Eilema lurideolum,Eil.luri,Moth,204,698,708,100,60.91579963,0.033922922,0.362123095,0.037214638,0.017,0.018,0.426203221,0.112173998,0.337265399,STAB,EXP,POS,DELEXP,one,lichen or fungi,1,larva,29.6,lichen or fungi,semi and uni,1,0,0,1,0,1,0,1,0,0,0,0,0,1,1,0
Eilema lutarellum,Eil.luta,Moth,144,696,709.2,132,100.5927118,0.249489388,5.83E-09,0.042488508,0.053,0,0.703806533,0.824994437,1.051474478,DEL,EXP,POS,DELEXP,one,lichen or fungi,1,larva,23.4,lichen or fungi,semi and uni,1,0,0,1,0,1,0,1,0,0,1,0,0,1,1,0
Thumatha senex,Thu.sene,Moth,-64,721,711,-100,-104.7939926,0.10563977,0.194174251,0.081252218,0.002,0.732,-0.733201197,0.349322365,0.039678282,STAB,CONTR,STAB,DELCONTR,zero,lichen or fungi,1,larva,18.4,lichen or fungi,semi and uni,1,0,0,1,0,1,0,0,1,0,0,0,0,0,0,0
Miltochrista miniata,Mil.mini,Moth,374,683.1,700.4,173,112.1645485,0.742490084,4.04E-06,0.150050567,0.226,0,0.784769996,2.45521541,4.483645888,DEL,EXP,POS,DELEXP,one,lichen or fungi,1,larva,26.2,lichen or fungi,semi and uni,1,0,0,1,0,1,0,1,0,0,1,0,0,1,1,0
Diacrisia sannio,Dia.sann,Moth,37,710.2,719.6,94,76.28320519,0.302447989,9.11E-06,0.067118588,-0.034,0,0.533722744,1.000114318,-0.674530797,DEL,EXP,NEG,DELEXP,one,polyphagous,2,larva,36.3,generalist,multi,0,0,1,0,0,1,0,1,0,0,1,0,0,1,1,0
Diaphora mendica,Dip.mend,Moth,-49,693.2,699.1,59,52.28677932,0.634614015,3.82E-09,0.103995939,-0.002,0.836,0.365829455,2.098498204,-0.039678282,DEL,EXP,STAB,DELEXP,one,polyphagous,2,pupa,32.1,generalist,multi,0,0,1,0,0,0,1,1,0,0,1,0,0,1,1,0
Spilosoma lubricipedum,Spi.lubr,Moth,-82,704.2,708,38,35.50908102,0.042529964,0.383147504,0.048743111,-0.016,0.043,0.248442683,0.140635176,-0.317426258,STAB,EXP,NEG,DELEXP,one,polyphagous,2,pupa,40,generalist,multi,0,0,1,0,0,0,1,1,0,0,0,0,0,1,1,0
Spilosoma luteum,Spi.lute,Moth,821,680.2,701,208,89.97155273,0.050570915,0.607292657,0.098347978,0.055,0.005,0.629494578,0.167224443,1.09115276,STAB,EXP,POS,DELEXP,one,polyphagous,2,pupa,37.5,generalist,multi,0,0,1,0,0,0,1,1,0,0,0,0,0,1,1,0
Lygephila pastinum,Lyg.past,Moth,-250,687,699.5,125,144.0044351,0.029598645,0.651924367,0.065541061,-0.026,0.012,1.007540809,0.097874774,-0.515817669,STAB,EXP,NEG,DELEXP,one,oligophagous,1,larva,40.3,specialist,semi and uni,1,1,0,0,0,1,0,1,0,0,0,0,0,1,1,0
Schrankia costaestrigalis,Sch.cost,Moth,214,682.1,710,279,238.6363143,0.030831382,0.901205341,0.245865329,0.111,0,1.669641807,0.101951105,2.202144662,STAB,EXP,POS,DELEXP,one,polyphagous,2,larva,20.3,generalist,multi,0,0,1,0,0,1,0,1,0,0,0,0,0,1,1,0
Parascotia fuliginaria,Par.fuli,Moth,-55,696.5,708,115,109.0544705,0.159411613,0.002432254,0.052397255,0.015,0.014,0.763010038,0.527131415,0.297587116,DEL,EXP,POS,DELEXP,one,lichen or fungi,1,larva,22.5,lichen or fungi,semi and uni,1,0,0,1,0,1,0,1,0,0,1,0,0,1,1,0
Laspeyria flexula,Las.flex,Moth,340,674.3,703.7,294,237.5147987,-0.003935385,0.977607175,0.140084558,0.058,0,1.661795016,-0.013013262,1.150670184,STAB,EXP,POS,DELEXP,one,lichen or fungi,1,larva,26.6,lichen or fungi,semi and uni,1,0,0,1,0,1,0,1,0,0,0,0,0,1,1,0
Catocala fraxini,Cat.frax,Moth,699,704.5,714.5,100,-2.418725839,-0.279607485,0.00029442,0.076725662,0.034,0,-0.016922847,-0.924586901,0.674530797,ADV,STAB,POS,ADVCONTR,one,polyphagous,1,egg,91.6,generalist,semi and uni,1,0,1,0,0,0,0,0,0,1,0,0,1,0,1,0
Protodeltote pygarga,Pro.pyga,Moth,3707,679.6,709.4,298,-189.287923,0.22605823,0.169494676,0.164399438,0.349,0,-1.324371066,0.747513887,6.923860243,STAB,CONTR,POS,DELCONTR,zero,oligophagous,2,pupa,24.4,specialist,multi,0,1,0,0,0,0,1,0,1,0,0,0,0,0,0,0
Abrostola tripartita,Abr.trir,Moth,-267,713.9,713.5,-4,17.17956023,0.120274737,0.034594662,0.056840649,-0.044,0,0.120198437,0.397716272,-0.872922208,DEL,STAB,NEG,DELCONTR,zero,oligophagous,2,pupa,33.1,specialist,multi,0,1,0,0,0,0,1,0,0,0,1,0,0,0,0,0
Autographa bractea,Aut.brac,Moth,-413,715.5,713.3,-22,17.86004653,0.167652719,0.003377917,0.056999139,0.034,0,0.124959525,0.55438254,0.674530797,DEL,STAB,POS,DELCONTR,zero,polyphagous,1,larva,40.7,generalist,semi and uni,1,0,1,0,0,1,0,0,0,0,1,0,0,0,0,0
Autographa gamma,Aut.gamm,Moth,163,746.2,740.2,-60,-93.83831038,-0.324063213,0.000375686,0.090872246,0.007,0.324,-0.656548718,-1.07159006,0.138873988,ADV,CONTR,STAB,ADVCONTR,one,polyphagous,3,larva,39.7,generalist,multi,0,0,1,0,0,1,0,0,1,1,0,0,1,0,1,0
Autographa pulchrina,Aut.pulc,Moth,-449,738,722.6,-154,-109.5338062,-0.013037525,0.780832992,0.046851815,-0.024,0,-0.766363756,-0.043111596,-0.476139386,STAB,CONTR,NEG,DELCONTR,zero,polyphagous,1,larva,37.9,generalist,semi and uni,1,0,1,0,0,1,0,0,1,0,0,0,0,0,0,0
Diachrysia chrysitis,Dia.chrs,Moth,-449,732.9,722.9,-100,-55.53380616,0.143362436,0.000976517,0.043378496,-0.009,0.159,-0.388547589,0.474061094,-0.17855227,DEL,CONTR,STAB,DELCONTR,zero,polyphagous,2,larva,36.5,generalist,multi,0,0,1,0,0,1,0,0,1,0,1,0,0,0,0,0
Diachrysia tutti,Dia.tutt,Moth,944,726.6,727.6,10,-123.7661172,0.121073576,0.063960667,0.065315264,0.051,0,-0.865941482,0.400357816,1.011796196,STAB,CONTR,POS,DELCONTR,zero,polyphagous,2,larva,35.5,generalist,multi,0,0,1,0,0,1,0,0,1,0,0,0,0,0,0,0
Syngrapha interrogationis,Syn.inte,Moth,-67,744.6,756,114,109.589853,0.073465304,0.077819272,0.041640638,0.061,0,0.766755893,0.242930042,1.210187607,STAB,EXP,POS,DELEXP,one,polyphagous,1,larva,34.8,generalist,semi and uni,1,0,1,0,0,1,0,1,0,0,0,0,0,1,1,0
Colocasia coryli,Col.cory,Moth,-59,738.8,703,-358,-363.4337353,-0.101140184,0.11067895,0.063345762,-0.035,0,-2.542798905,-0.33444344,-0.694369938,STAB,CONTR,NEG,DELCONTR,zero,polyphagous,2,pupa,32.9,generalist,multi,0,0,1,0,0,0,1,0,1,0,0,0,0,0,0,0
Amphipyra perflua,Amp.perf,Moth,577,684.1,720,359,272.1909956,-0.174416438,0.005602694,0.062359316,0.031,0,1.904410346,-0.576748345,0.615013374,ADV,EXP,POS,ADVEXP,two,oligophagous,1,egg,50.6,specialist,semi and uni,1,1,0,0,0,0,0,1,0,1,0,1,0,0,0,1
Amphipyra tragopoginis,Amp.trag,Moth,-161,721,712,-90,-82.38298462,0.125086269,0.097264059,0.075142112,-0.021,0.016,-0.576400435,0.413626715,-0.416621963,STAB,CONTR,NEG,DELCONTR,zero,polyphagous,1,egg,38.6,generalist,semi and uni,1,0,1,0,0,0,0,0,1,0,0,0,0,0,0,0
Allophyes oxyacanthae,All.oxya,Moth,472,696.3,709.8,135,61.6255919,0.004637085,0.922506176,0.047659791,0.079,0,0.43116935,0.015333596,1.567292147,STAB,EXP,POS,DELEXP,one,oligophagous,1,egg,42.3,specialist,semi and uni,1,1,0,0,0,0,0,1,0,0,0,0,0,1,1,0
Brachionycha nubeculosa,Bra.nube,Moth,186,715.4,716.8,14,-22.78112671,-0.251928508,1.14E-10,0.038718747,0.026,0,-0.159390333,-0.833059954,0.515817669,ADV,CONTR,POS,ADVCONTR,one,polyphagous,1,pupa,52.2,generalist,semi and uni,1,0,1,0,0,0,1,0,1,1,0,0,1,0,1,0
Acronicta megacephala,Acr.mega,Moth,309,708.5,709.5,10,-42.51879668,0.190397635,0.094864766,0.11373457,-0.017,0.006,-0.297486829,0.629593874,-0.337265399,STAB,CONTR,NEG,DELCONTR,zero,polyphagous,1,pupa,40.5,generalist,semi and uni,1,0,1,0,0,0,1,0,1,0,0,0,0,0,0,0
Acronicta rumicis,Acr.rumi,Moth,1002,695.9,717.5,216,74.81286766,-0.359022847,0.000104372,0.092111055,0.026,0.002,0.523435387,-1.187192187,0.515817669,ADV,EXP,POS,ADVEXP,two,polyphagous,2,pupa,35.5,generalist,multi,0,0,1,0,0,0,1,1,0,1,0,1,0,0,0,1
Caradrina morpheus,Car.morp,Moth,17,722,707.4,-146,-161.1578241,-0.004188816,0.936684838,0.052713142,-0.022,0.005,-1.127556137,-0.01385129,-0.436461104,STAB,CONTR,NEG,DELCONTR,zero,polyphagous,2,larva,29,generalist,multi,0,0,1,0,0,1,0,0,1,0,0,0,0,0,0,0
Hoplodrina blanda,Hop.blan,Moth,128,691.5,698.2,67,37.63988839,-0.019917146,0.659139294,0.045136444,0.015,0.03,0.263351081,-0.065860655,0.297587116,STAB,EXP,POS,DELEXP,one,polyphagous,1,larva,31.1,generalist,semi and uni,1,0,1,0,0,1,0,1,0,0,0,0,0,1,1,0
Hoplodrina octogenaria,Hop.octo,Moth,30,692.7,697.1,44,27.17884495,-0.042743829,0.249570902,0.037103322,0.003,0.68,0.190159389,-0.14134237,0.059517423,STAB,EXP,STAB,DELEXP,one,polyphagous,1,larva,30.4,generalist,semi and uni,1,0,1,0,0,1,0,1,0,0,0,0,0,1,1,0
Rusina ferruginea,Rus.ferr,Moth,140,698.9,708.5,96,65.10450596,-0.078915383,0.020538124,0.034032029,-0.017,0.002,0.455509906,-0.260951989,-0.337265399,ADV,EXP,NEG,ADVEXP,two,polyphagous,1,larva,31.1,generalist,semi and uni,1,0,1,0,0,1,0,1,0,1,0,1,0,0,0,1
Euplexia lucipara,Eup.luci,Moth,576,694.8,709.7,149,62.31894413,-0.235311233,0.005852509,0.084367159,0.01,0.166,0.436020456,-0.778111084,0.198391411,ADV,EXP,STAB,ADVEXP,two,polyphagous,2,pupa,32.3,generalist,multi,0,0,1,0,0,0,1,1,0,1,0,1,0,0,0,1
Parastichtis suspecta,Par.susp,Moth,-280,741.3,732.2,-91,-68.1571088,-0.014496787,0.714731462,0.03965426,-0.06,0,-0.476867733,-0.047936983,-1.190348466,STAB,CONTR,NEG,DELCONTR,zero,polyphagous,1,egg,32.2,generalist,semi and uni,1,0,1,0,0,0,0,0,1,0,0,0,0,0,0,0
Enargia paleacea,Ena.pale,Moth,-251,740.8,727.6,-132,-112.8676163,0.126520228,0.000260327,0.034573251,-0.03,0,-0.789689078,0.418368435,-0.595174233,DEL,CONTR,NEG,DELCONTR,zero,polyphagous,1,egg,42.4,generalist,semi and uni,1,0,1,0,0,0,0,0,1,0,1,0,0,0,0,0
Ipimorpha subtusa,Ipi.subt,Moth,-185,699.6,705.4,58,68.68778025,-0.23934059,0.000383924,0.065962194,-0.063,0,0.480580627,-0.791435086,-1.249865889,ADV,EXP,NEG,ADVEXP,two,polyphagous,1,egg,32.5,generalist,semi and uni,1,0,1,0,0,0,0,1,0,1,0,1,0,0,0,1
Cosmia trapezina,Cos.trap,Moth,245,706.3,714.3,80,35.66990964,-0.183909346,6.31E-06,0.040546677,-0.004,0.43,0.249567936,-0.608138843,-0.079356564,ADV,EXP,STAB,ADVEXP,two,polyphagous,1,egg,32.1,generalist,semi and uni,1,0,1,0,0,0,0,1,0,1,0,1,0,0,0,1
Xanthia icteritia,Xan.icte,Moth,-662,734.8,739,42,113.7192321,0.258970867,5.37E-07,0.051407695,-0.042,0,0.795647489,0.856347146,-0.833243926,DEL,EXP,NEG,DELEXP,one,polyphagous,1,egg,33.8,generalist,semi and uni,1,0,1,0,0,0,0,1,0,0,1,0,0,1,1,0
Xanthia togata,Xan.toga,Moth,-261,738,739,10,30.41186901,0.221801036,1.01E-10,0.034043963,-0.038,0,0.212779552,0.733436491,-0.753887362,DEL,EXP,NEG,DELEXP,one,polyphagous,1,egg,32.3,generalist,semi and uni,1,0,1,0,0,0,0,1,0,0,1,0,0,1,1,0
Agrochola circellaris,Agr.circ,Moth,218,745,734.5,-105,-145.8754799,0.135779703,0.188223566,0.103059607,0.001,0.888,-1.020631753,0.448987033,0.019839141,STAB,CONTR,STAB,DELCONTR,zero,polyphagous,1,egg,34.6,generalist,semi and uni,1,0,1,0,0,0,0,0,1,0,0,0,0,0,0,0
Agrochola helvola,Agr.helv,Moth,25,739,735.3,-37,-53.18141237,0.139864045,0.020804357,0.060398687,-0.034,0,-0.37208884,0.462492855,-0.674530797,DEL,CONTR,NEG,DELCONTR,zero,polyphagous,1,egg,34.4,generalist,semi and uni,1,0,1,0,0,0,0,0,1,0,1,0,0,0,0,0
Agrochola lota,Agr.lota,Moth,-62,721,716.2,-48,-53.04988971,-0.008458269,0.921360349,0.085604335,-0.031,0.001,-0.371168629,-0.027969226,-0.615013374,STAB,CONTR,NEG,DELCONTR,zero,polyphagous,1,egg,33.9,generalist,semi and uni,1,0,1,0,0,0,0,0,1,0,0,0,0,0,0,0
Conistra vaccinii,Con.vacc,Moth,163,721,720.4,-6,-39.83831038,0.028975733,0.838343615,0.142004417,-0.01,0.028,-0.278732551,0.095814971,-0.198391411,STAB,CONTR,NEG,DELCONTR,zero,polyphagous,1,adult,32.7,generalist,semi and uni,1,0,1,0,1,0,0,0,1,0,0,0,0,0,0,0
Brachylomia viminalis,Bra.vimi,Moth,-220,731.7,728.8,-29,-13.83402097,-0.131795766,0.06938192,0.072443009,-0.083,0,-0.096791051,-0.435813222,-1.646648711,STAB,STAB,NEG,DELCONTR,zero,polyphagous,1,egg,30.2,generalist,semi and uni,1,0,1,0,0,0,0,0,0,0,0,0,0,0,0,0
Lithophane consocia,Lit.cons,Moth,-383,718,719.9,19,55.02159044,-0.230165419,0.28330493,0.214464063,-0.03,0,0.384963822,-0.761095261,-0.595174233,STAB,EXP,NEG,DELEXP,one,oligophagous,1,adult,43.3,specialist,semi and uni,1,1,0,0,1,0,0,1,0,0,0,0,0,1,1,0
Lithophane furcifera,Lit.furc,Moth,12,689.6,703.5,139,124.4819186,-0.805548312,0.003843345,0.276718486,-0.045,0,0.870949655,-2.663732044,-0.892761349,ADV,EXP,NEG,ADVEXP,two,oligophagous,1,adult,43.8,specialist,semi and uni,1,1,0,0,1,0,0,1,0,1,0,1,0,0,0,1
Lithophane hepatica,Lit.soci,Moth,409,708.6,719.5,109,43.68634969,-0.417741467,0.194131575,0.321441186,0.022,0.003,0.305655726,-1.3813589,0.436461104,STAB,EXP,POS,DELEXP,one,polyphagous,1,larva,46.9,generalist,semi and uni,1,0,1,0,0,1,0,1,0,0,0,0,0,1,1,0
Lithomoia solidaginis,Lit.soli,Moth,-225,738,763.7,257,272.8057217,-0.112197733,0.02130116,0.048683517,0.007,0.239,1.908711336,-0.371007787,0.138873988,ADV,EXP,STAB,ADVEXP,two,polyphagous,1,egg,43.8,generalist,semi and uni,1,0,1,0,0,0,0,1,0,1,0,1,0,0,0,1
Xylena vetusta,Xyl.vetu,Moth,-96,727.5,722.1,-54,-54.69963948,-0.951611398,0.014727357,0.388358321,-0.029,0.001,-0.382711262,-3.146723462,-0.575335092,ADV,CONTR,NEG,ADVCONTR,one,polyphagous,1,adult,58.6,generalist,semi and uni,1,0,1,0,1,0,0,0,1,1,0,0,1,0,1,0
Eupsilia transversa,Eup.tran,Moth,-179,692,707.3,153,162.920089,-0.514081878,0.156052532,0.361794862,-0.03,0,1.139885992,-1.699930782,-0.595174233,STAB,EXP,NEG,DELEXP,one,polyphagous,1,adult,41.3,generalist,semi and uni,1,0,1,0,1,0,0,1,0,0,0,0,0,1,1,0
Dasypolia templi,Das.temp,Moth,-316,733.1,715.9,-172,-144.5509615,0.033224503,0.695832711,0.08491521,-0.109,0,-1.011364634,0.109864512,-2.16246638,STAB,CONTR,NEG,DELCONTR,zero,polyphagous,1,adult,46.7,generalist,semi and uni,1,0,1,0,1,0,0,0,1,0,0,0,0,0,0,0
Mniotype satura,Mni.satu,Moth,646,684.8,709.4,246,150.3625466,-0.169303887,0.001042967,0.051459131,0.043,0,1.052025945,-0.559842508,0.853083067,ADV,EXP,POS,ADVEXP,two,polyphagous,1,egg,43.2,generalist,semi and uni,1,0,1,0,0,0,0,1,0,1,0,1,0,0,0,1
Apamea crenata,Apa.cren,Moth,366,739.2,737.3,-19,-78.81186325,-0.198813904,0.000461237,0.05653361,-0.003,0.645,-0.551414742,-0.657424215,-0.059517423,ADV,CONTR,STAB,ADVCONTR,one,polyphagous,1,larva,39.4,generalist,semi and uni,1,0,1,0,0,1,0,0,1,1,0,0,1,0,1,0
Apamea lateritia,Apa.late,Moth,-201,740.1,733.7,-64,-51.26504316,0.185347518,0.028463504,0.084284214,-0.072,0,-0.35868078,0.61289449,-1.428418159,DEL,CONTR,NEG,DELCONTR,zero,polyphagous,1,larva,46.5,generalist,semi and uni,1,0,1,0,0,1,0,0,1,0,1,0,0,0,0,0
Apamea monoglypha,Apa.mono,Moth,403,685.5,707.9,224,159.4540409,-0.239578847,0.016581582,0.099600098,-0.018,0.056,1.115635455,-0.792222939,-0.35710454,ADV,EXP,STAB,ADVEXP,two,polyphagous,1,larva,47.7,generalist,semi and uni,1,0,1,0,0,1,0,1,0,1,0,1,0,0,0,1
Apamea remissa,Apa.remi,Moth,293,727.6,717.4,-102,-152.4716201,-0.196808626,0.089395133,0.115534516,0.015,0.058,-1.066782279,-0.650793299,0.297587116,STAB,CONTR,STAB,DELCONTR,zero,polyphagous,1,larva,36.8,generalist,semi and uni,1,0,1,0,0,1,0,0,1,0,0,0,0,0,0,0
Apamea scolopacina,Apa.scol,Moth,417,678.2,705.1,269,202.6627614,0.452091978,0.002144472,0.145788418,0.103,0,1.417949402,1.494946822,2.043431533,DEL,EXP,POS,DELEXP,one,polyphagous,1,larva,30.5,generalist,semi and uni,1,0,1,0,0,1,0,1,0,0,1,0,0,1,1,0
Oligia latruncula,Oli.latr,Moth,599,700.8,724.7,239,149.3761278,-0.054508274,0.330781238,0.056013068,-0.016,0.015,1.045124371,-0.180244233,-0.317426258,STAB,EXP,NEG,DELEXP,one,polyphagous,1,larva,24.5,generalist,semi and uni,1,0,1,0,0,1,0,1,0,0,0,0,0,1,1,0
Mesapamea secalis,Mes.seca,Moth,186,694.4,717.5,231,194.2188733,0.075642438,0.251259906,0.065873267,0.045,0.006,1.358870931,0.250129237,0.892761349,STAB,EXP,POS,DELEXP,one,polyphagous,1,larva,32.8,generalist,semi and uni,1,0,1,0,0,1,0,1,0,0,0,0,0,1,1,0
Photedes minima,Pho.mini,Moth,-61,723.6,719.7,-39,-44.17783825,-0.027956223,0.592395433,0.052206109,0.022,0.002,-0.309094472,-0.092443725,0.436461104,STAB,CONTR,POS,DELCONTR,zero,oligophagous,2,larva,20,specialist,multi,0,1,0,0,0,1,0,0,1,0,0,0,0,0,0,0
Amphipoea fucosa,Amp.fuco,Moth,-456,736.6,722.4,-142,-96.63816641,0.073516663,0.031365124,0.034117891,-0.032,0,-0.676138178,0.243099871,-0.634852515,DEL,CONTR,NEG,DELCONTR,zero,polyphagous,1,egg,33.5,generalist,semi and uni,1,0,1,0,0,0,0,0,1,0,1,0,0,0,0,0
Amphipoea oculea,Amp.ocul,Moth,-56,728.2,714.9,-133,-138.8175809,-0.158600947,7.97E-05,0.040106932,0.022,0.001,-0.971250488,-0.52445076,0.436461104,ADV,CONTR,POS,ADVCONTR,one,polyphagous,1,egg,29.8,generalist,semi and uni,1,0,1,0,0,0,0,0,1,1,0,0,1,0,1,0
Hydraecia micacea,Hyd.mica,Moth,-299,724.1,721.7,-24,1.273913393,-0.070886995,0.034575624,0.033517169,-0.005,0.235,0.008913057,-0.234404264,-0.099195705,ADV,STAB,STAB,ADVCONTR,one,polyphagous,1,egg,35.9,generalist,semi and uni,1,0,1,0,0,0,0,0,0,1,0,0,1,0,1,0
Hydraecia nordstroemi,Hyd.nord,Moth,-25,672.6,671.8,-8,-17.78398555,-0.551115334,0.00019187,0.146341185,0.006,0.418,-0.124427357,-1.82239048,0.119034847,ADV,STAB,STAB,ADVCONTR,one,polyphagous,1,egg,32.7,generalist,semi and uni,1,0,1,0,0,0,0,0,0,1,0,0,1,0,1,0
Gortyna flavago,Gor.flav,Moth,269,679.6,719.6,400,352.5991448,-0.468379491,8.98E-08,0.084618442,0.118,0,2.466993655,-1.548805255,2.341018649,ADV,EXP,POS,ADVEXP,two,oligophagous,1,egg,38.6,specialist,semi and uni,1,1,0,0,0,0,0,1,0,1,0,1,0,0,0,1
Staurophora celsia,Sta.cels,Moth,-71,700,712.4,124,120.1016471,-0.229031682,0.001430714,0.071056495,-0.033,0.001,0.840302666,-0.757346295,-0.654691656,ADV,EXP,NEG,ADVEXP,two,polyphagous,1,egg,40.9,generalist,semi and uni,1,0,1,0,0,0,0,1,0,1,0,1,0,0,0,1
Crypsedra gemmea,Cry.gemm,Moth,-123,722.4,719.8,-26,-23.245029,-0.289627224,7.89E-05,0.072736538,-0.065,0,-0.16263607,-0.957719487,-1.289544171,ADV,CONTR,NEG,ADVCONTR,one,polyphagous,1,egg,38.2,generalist,semi and uni,1,0,1,0,0,0,0,0,1,1,0,0,1,0,1,0
Sedina pygmina,Sed.pygm,Moth,-95,738,725.6,-124,-124.827588,0.021987455,0.708723393,0.058843905,0.01,0.075,-0.873368164,0.072706611,0.198391411,STAB,CONTR,STAB,DELCONTR,zero,oligophagous,1,egg,21.7,specialist,semi and uni,1,1,0,0,0,0,0,0,1,0,0,0,0,0,0,0
Chortodes fluxus,Cho.flux,Moth,-302,711.4,708.9,-25,0.657759002,0.129983393,0.040405198,0.063342985,-0.01,0.075,0.004602074,0.42982019,-0.198391411,DEL,STAB,STAB,DELCONTR,zero,oligophagous,1,larva,24.9,specialist,semi and uni,1,1,0,0,0,1,0,0,0,0,1,0,0,0,0,0
Lacanobia oleracea,Lac.oler,Moth,448,703.9,712.9,90,19.69635677,0.03807384,0.727070339,0.109037419,0.039,0.001,0.137807445,0.125899968,0.773726503,STAB,STAB,POS,DELCONTR,zero,polyphagous,2,pupa,37,generalist,multi,0,0,1,0,0,0,1,0,0,0,0,0,0,0,0,0
Lacanobia suasa,Lac.suas,Moth,-160,706.1,718.5,124,131.4890668,0.014397344,0.950893787,0.233488598,-0.101,0,0.919975838,0.047608152,-2.003753251,STAB,EXP,NEG,DELEXP,one,polyphagous,2,pupa,39.4,generalist,multi,0,0,1,0,0,0,1,1,0,0,0,0,0,1,1,0
Lacanobia thalassina,Lac.thal,Moth,370,717.7,735.3,176,115.6763426,-0.153450208,0.00749198,0.057272033,-0.003,0.602,0.8093406,-0.507418648,-0.059517423,ADV,EXP,STAB,ADVEXP,two,polyphagous,2,pupa,39.3,generalist,multi,0,0,1,0,0,0,1,1,0,1,0,1,0,0,0,1
Hada plebeja,Had.pleb,Moth,-52,738,703.7,-343,-349.3293751,-0.181116459,0.000899015,0.054173734,-0.005,0.498,-2.444116399,-0.598903513,-0.099195705,ADV,CONTR,STAB,ADVCONTR,one,polyphagous,2,pupa,33.3,generalist,multi,0,0,1,0,0,0,1,0,1,1,0,0,1,0,1,0
Polia bombycina,Pol.bomb,Moth,118,689.3,708.9,196,167.9193738,-0.23086699,0.010697129,0.089703239,-0.001,0.943,1.174863966,-0.763415166,-0.019839141,ADV,EXP,STAB,ADVEXP,two,polyphagous,1,larva,49.1,generalist,semi and uni,1,0,1,0,0,1,0,1,0,1,0,1,0,0,0,1
Mythimna conigera,Myt.coni,Moth,55,691.9,701.2,93,72.98013154,0.177530164,1.37E-05,0.04058025,0.02,0.003,0.510612474,0.5870446,0.396782822,DEL,EXP,POS,DELEXP,one,polyphagous,1,larva,33.6,generalist,semi and uni,1,0,1,0,0,1,0,1,0,0,1,0,0,1,1,0
Mythimna impura,Myt.impu,Moth,-100,723.2,725,18,17.81215467,0.115992647,4.49E-05,0.028363394,-0.003,0.52,0.124624445,0.383556548,-0.059517423,DEL,STAB,STAB,DELCONTR,zero,polyphagous,1,larva,33.2,generalist,semi and uni,1,0,1,0,0,1,0,0,0,0,1,0,0,0,0,0
Tholera cespitis,Tho.cesp,Moth,-99,723,723.3,3,2.684206132,0.035621754,0.33898571,0.037236668,0.011,0.051,0.018780305,0.117791577,0.218230552,STAB,STAB,STAB,DELCONTR,zero,polyphagous,1,egg,38.3,generalist,semi and uni,1,0,1,0,0,0,0,0,0,0,0,0,0,0,0,0
Tholera decimalis,Tho.deci,Moth,-14,687.4,695.6,82,70.80858055,0.039207354,0.403438467,0.046891746,0.057,0,0.495419009,0.129648196,1.130831043,STAB,EXP,POS,DELEXP,one,polyphagous,1,egg,41.4,generalist,semi and uni,1,0,1,0,0,0,0,1,0,0,0,0,0,1,1,0
Cerapteryx graminis,Cer.gram,Moth,-195,738,752.2,142,153.9672656,0.136834901,1.94E-08,0.02428589,-0.023,0,1.077246706,0.452476287,-0.456300245,DEL,EXP,NEG,DELEXP,one,polyphagous,1,egg,33.7,generalist,semi and uni,1,0,1,0,0,0,0,1,0,0,1,0,0,1,1,0
Panolis flammea,Pan.flam,Moth,27,715.9,706.2,-97,-113.4373094,0.381658829,1.93E-20,0.040238035,0.011,0.282,-0.79367499,1.262043304,0.218230552,DEL,CONTR,STAB,DELCONTR,zero,oligophagous,1,pupa,33.6,specialist,semi and uni,1,1,0,0,0,0,1,0,1,0,1,0,0,0,0,0
Orthosia gothica,Ort.goth,Moth,30,742.2,754.2,120,103.1788449,-0.030433493,0.172228126,0.022288846,-0.015,0.002,0.721900661,-0.100635391,-0.297587116,STAB,EXP,NEG,DELEXP,one,polyphagous,1,pupa,33.5,generalist,semi and uni,1,0,1,0,0,0,1,1,0,0,0,0,0,1,1,0
Orthosia incerta,Ort.ince,Moth,-25,714.3,709.8,-45,-54.78398555,0.019578319,0.532091264,0.031325177,-0.008,0.248,-0.383301397,0.064740246,-0.158713129,STAB,CONTR,STAB,DELCONTR,zero,polyphagous,1,pupa,39.1,generalist,semi and uni,1,0,1,0,0,0,1,0,1,0,0,0,0,0,0,0
Orthosia opima,Ort.opim,Moth,-96,708.8,708,-8,-8.699639477,0.132085431,0.004006136,0.045733549,-0.011,0.208,-0.06086786,0.436771066,-0.218230552,DEL,STAB,STAB,DELCONTR,zero,polyphagous,1,pupa,34.9,generalist,semi and uni,1,0,1,0,0,0,1,0,0,0,1,0,0,0,0,0
Orthosia populeti,Ort.popu,Moth,-286,717.5,685,-325,-301.3894176,-0.165136059,7.35E-05,0.041414211,-0.111,0,-2.108699899,-0.546060621,-2.202144662,ADV,CONTR,NEG,ADVCONTR,one,oligophagous,1,pupa,37.4,specialist,semi and uni,1,1,0,0,0,0,1,0,1,1,0,0,1,0,1,0
Ochropleura plecta,Och.plec,Moth,177,706.9,708.1,12,-23.62958989,0.234907653,0.033020944,0.110067273,-0.005,0.38,-0.165326687,0.776776556,-0.099195705,DEL,CONTR,STAB,DELCONTR,zero,polyphagous,2,pupa,28.5,generalist,multi,0,0,1,0,0,0,1,0,1,0,1,0,0,0,0,0
Diarsia brunnea,Dia.brun,Moth,39,704.2,723.4,192,174.0273081,-0.006007324,0.871249161,0.037058045,-0.004,0.518,1.217598713,-0.019864607,-0.079356564,STAB,EXP,STAB,DELEXP,one,polyphagous,1,larva,38,generalist,semi and uni,1,0,1,0,0,1,0,1,0,0,0,0,0,1,1,0
Diarsia mendica,Dia.mend,Moth,-100,774.2,767.4,-68,-68.18784533,0.035435899,0.359631291,0.038675487,-0.027,0,-0.477082784,0.117177006,-0.53565681,STAB,CONTR,NEG,DELCONTR,zero,polyphagous,1,larva,32.7,generalist,semi and uni,1,0,1,0,0,1,0,0,1,0,0,0,0,0,0,0
Diarsia dahlii,Dia.dahl,Moth,-105,715.3,729.9,146,146.4518974,0.1379431,8.97E-05,0.035113371,0.03,0,1.024664713,0.456140804,0.595174233,DEL,EXP,POS,DELEXP,one,polyphagous,1,larva,35.4,generalist,semi and uni,1,0,1,0,0,1,0,1,0,0,1,0,0,1,1,0
Diarsia rubi,Dia.rubi,Moth,174,717.9,731.6,137,101.7542557,0.731346408,1.84E-08,0.12913049,0.05,0,0.711933387,2.418366263,0.991957055,DEL,EXP,POS,DELEXP,one,polyphagous,2,larva,33.1,generalist,multi,0,0,1,0,0,1,0,1,0,0,1,0,0,1,1,0
Noctua pronuba,Noc.pron,Moth,1083,707.5,715.1,76,-75.55096378,0.277798344,3.86E-05,0.067190813,0.103,0,-0.528599547,0.918604559,2.043431533,DEL,CONTR,POS,DELCONTR,zero,polyphagous,1,larva,55.5,generalist,semi and uni,1,0,1,0,0,1,0,0,1,0,1,0,0,0,0,0
Lycophotia porphyrea,Lyc.porp,Moth,29,720.1,710.4,-97,-113.6932065,-0.100500762,0.138185885,0.067692445,-0.011,0.133,-0.795465398,-0.332329043,-0.218230552,STAB,CONTR,STAB,DELCONTR,zero,polyphagous,1,larva,28.8,generalist,semi and uni,1,0,1,0,0,1,0,0,1,0,0,0,0,0,0,0
Chersotis cuprea,Che.cupr,Moth,-551,731.4,715,-164,-106.4830555,0.043076725,0.354326637,0.046476702,-0.049,0,-0.745018886,0.142443166,-0.972117914,STAB,CONTR,NEG,DELCONTR,zero,polyphagous,1,larva,35.3,generalist,semi and uni,1,0,1,0,0,1,0,0,1,0,0,0,0,0,0,0
Eurois occultus,Eur.occu,Moth,634,740.3,760,197,102.897929,0.223276589,6.45E-11,0.033982501,-0.001,0.817,0.719935206,0.738315748,-0.019839141,DEL,EXP,STAB,DELEXP,one,polyphagous,1,larva,57.7,generalist,semi and uni,1,0,1,0,0,1,0,1,0,0,1,0,0,1,1,0
Graphiphora augur,Gra.augu,Moth,-113,738,746.1,81,82.47548564,-0.044388577,0.290793141,0.041982058,-0.07,0,0.577047627,-0.146781109,-1.388739877,STAB,EXP,NEG,DELEXP,one,polyphagous,1,larva,41.9,generalist,semi and uni,1,0,1,0,0,1,0,1,0,0,0,0,0,1,1,0
Xestia c-nigrum,Xes.c-nig,Moth,477,683.2,701.6,184,109.9858492,-0.511235498,0.000531726,0.145252759,0.106,0,0.769526518,-1.690518565,2.102948956,ADV,EXP,POS,ADVEXP,two,polyphagous,3,larva,38.1,generalist,multi,0,0,1,0,0,1,0,1,0,1,0,1,0,0,0,1
Xestia triangulum,Xes.tria,Moth,308,689.4,698.2,88,35.60915186,0.095726481,0.017820585,0.040277702,0.013,0.061,0.249142838,0.316541778,0.257908834,DEL,EXP,STAB,DELEXP,one,polyphagous,1,larva,40.5,generalist,semi and uni,1,0,1,0,0,1,0,1,0,0,1,0,0,1,1,0
Xestia baja,Xes.baja,Moth,574,721.1,741.7,206,119.5748412,0.125101456,2.10E-06,0.026278462,0.014,0.01,0.836616818,0.413676934,0.277747975,DEL,EXP,POS,DELEXP,one,polyphagous,1,larva,39.3,generalist,semi and uni,1,0,1,0,0,1,0,1,0,0,1,0,0,1,1,0
Xestia sexstrigata,Xes.sexs,Moth,79,697.4,711.4,140,116.9093667,0.237160661,1.57E-05,0.054129897,0.058,0,0.81796757,0.784226649,1.150670184,DEL,EXP,POS,DELEXP,one,polyphagous,1,larva,34.4,generalist,semi and uni,1,0,1,0,0,1,0,1,0,0,1,0,0,1,1,0
Cerastis leucographa,Cer.leuc,Moth,-55,695,707.8,128,122.0544705,0.506071909,0.000315642,0.139003949,0.012,0.28,0.853965782,1.673443964,0.238069693,DEL,EXP,STAB,DELEXP,one,polyphagous,1,pupa,31.3,generalist,semi and uni,1,0,1,0,0,0,1,1,0,0,1,0,0,1,1,0
Cerastis rubricosa,Cer.rubr,Moth,-130,737.8,720.6,-172,-168.3493892,0.036731373,0.241978311,0.031382051,-0.022,0,-1.177872611,0.121460789,-0.436461104,STAB,CONTR,NEG,DELCONTR,zero,polyphagous,1,pupa,33.3,generalist,semi and uni,1,0,1,0,0,0,1,0,1,0,0,0,0,0,0,0
Anaplectoides prasinus,Ana.pras,Moth,1061,700.4,721,206,57.26390402,0.154238841,0.003819188,0.0532185,0.051,0,0.400652384,0.510026446,1.011796196,DEL,EXP,POS,DELEXP,one,polyphagous,1,larva,47.6,generalist,semi and uni,1,0,1,0,0,1,0,1,0,0,1,0,0,1,1,0
Protolampra sobrina,Pro.sobr,Moth,-179,733,738.1,51,60.92008904,0.206596188,4.95E-08,0.037516449,0.003,0.663,0.426233232,0.68315814,0.059517423,DEL,EXP,STAB,DELEXP,one,polyphagous,1,larva,34.2,generalist,semi and uni,1,0,1,0,0,1,0,1,0,0,1,0,0,1,1,0
Agrotis exclamationis,Agr.excl,Moth,264,693.6,699.3,57,10.23888745,0.001229309,0.991627927,0.117056817,0.018,0.049,0.071637356,0.004064995,0.35710454,STAB,STAB,POS,DELCONTR,zero,polyphagous,2,larva,37.8,generalist,multi,0,0,1,0,0,1,0,0,0,0,0,0,0,0,0,0
